tensorflow,2.9.0, Python,3.7,3.1
tensorflow,2.8.0, Python,3.7,3.1
tensorflow,2.7.0, Python,3.7,3.9
tensorflow,2.6.0, Python,3.6,3.9
tensorflow,2.5.0, Python,3.6,3.9
tensorflow,2.4.0, Python,3.6,3.8
tensorflow,2.3.0, Python,3.5,3.8
tensorflow,2.2.0, Python,3.5,3.8
tensorflow,2.1.0, Python, 2.7;3.5, 2.7;3.7
tensorflow,2.0.0, Python, 2.7;3.3, 2.7;3.7
tensorflow-gpu,1.15.0, Python, 2.7;3.3, 2.7;3.7
tensorflow-gpu,1.14.0, Python, 2.7;3.3, 2.7;3.7
tensorflow-gpu,1.13.1, Python, 2.7;3.3, 2.7;3.7
tensorflow-gpu,1.12.0, Python, 2.7;3.3, 2.7;3.6
tensorflow-gpu,1.11.0, Python, 2.7;3.3, 2.7;3.6
tensorflow-gpu,1.10.0, Python, 2.7;3.3, 2.7;3.6
tensorflow-gpu,1.9.0, Python, 2.7;3.3, 2.7;3.6
tensorflow-gpu,1.8.0, Python, 2.7;3.3, 2.7;3.6
tensorflow-gpu,1.7.0, Python, 2.7;3.3, 2.7;3.6
tensorflow-gpu,1.6.0, Python, 2.7;3.3, 2.7;3.6
tensorflow-gpu,1.5.0, Python, 2.7;3.3, 2.7;3.6
tensorflow-gpu,1.4.0, Python, 2.7;3.3, 2.7;3.6
tensorflow-gpu,1.3.0, Python, 2.7;3.3, 2.7;3.6
tensorflow-gpu,1.2.0, Python, 2.7;3.3, 2.7;3.6
tensorflow-gpu,1.1.0, Python, 2.7;3.3, 2.7;3.6
tensorflow-gpu,1.0.0, Python, 2.7;3.3, 2.7;3.6
"	",,,,
tensorflow,2.9.0, GCC, 9.3.1,
tensorflow,2.8.0, GCC, 7.3.1, 7.3.1
tensorflow,2.7.0, GCC, 7.3.1, 7.3.1
tensorflow,2.6.0, GCC, 7.3.1, 7.3.1
tensorflow,2.5.0, GCC, 7.3.1, 7.3.1
tensorflow,2.4.0, GCC, 7.3.1, 7.3.1
tensorflow,2.3.0, GCC, 7.3.1, 7.3.1
tensorflow,2.2.0, GCC, 7.3.1, 7.3.1
tensorflow,2.1.0, GCC, 7.3.1, 7.3.1
tensorflow,2.0.0, GCC, 7.3.1, 7.3.1
tensorflow-gpu,1.15.0, GCC, 7.3.1, 7.3.1
tensorflow-gpu,1.14.0, GCC,4.8,4.8
tensorflow-gpu,1.13.1, GCC,4.8,4.8
tensorflow-gpu,1.12.0, GCC,4.8,4.8
tensorflow-gpu,1.11.0, GCC,4.8,4.8
tensorflow-gpu,1.10.0, GCC,4.8,4.8
tensorflow-gpu,1.9.0, GCC,4.8,4.8
tensorflow-gpu,1.8.0, GCC,4.8,4.8
tensorflow-gpu,1.7.0, GCC,4.8,4.8
tensorflow-gpu,1.6.0, GCC,4.8,4.8
tensorflow-gpu,1.5.0, GCC,4.8,4.8
tensorflow-gpu,1.4.0, GCC,4.8,4.8
tensorflow-gpu,1.3.0, GCC,4.8,4.8
tensorflow-gpu,1.2.0, GCC,4.8,4.8
tensorflow-gpu,1.1.0, GCC,4.8,4.8
tensorflow-gpu,1.0.0, GCC,4.8,4.8
"	",,,,
tensorflow,2.9.0, Bazel, 5.0.0, 5.0.0
tensorflow,2.8.0, Bazel, 4.2.1, 4.2.1
tensorflow,2.7.0, Bazel, 3.7.2, 3.7.2
tensorflow,2.6.0, Bazel, 3.7.2, 3.7.2
tensorflow,2.5.0, Bazel, 3.7.2, 3.7.2
tensorflow,2.4.0, Bazel, 3.1.0, 3.1.0
tensorflow,2.3.0, Bazel, 3.1.0, 3.1.0
tensorflow,2.2.0, Bazel, 2.0.0, 2.0.0
tensorflow,2.1.0, Bazel, 0.27.1, 0.27.1
tensorflow,2.0.0, Bazel, 0.26.1, 0.26.1
tensorflow-gpu,1.15.0, Bazel, 0.26.1, 0.26.1
tensorflow-gpu,1.14.0, Bazel, 0.24.1, 0.24.1
tensorflow-gpu,1.13.1, Bazel, 0.19.2, 0.19.2
tensorflow-gpu,1.12.0, Bazel, 0.15.0, 0.15.0
tensorflow-gpu,1.11.0, Bazel, 0.15.0, 0.15.0
tensorflow-gpu,1.10.0, Bazel, 0.15.0, 0.15.0
tensorflow-gpu,1.9.0, Bazel, 0.11.0, 0.11.0
tensorflow-gpu,1.8.0, Bazel, 0.10.0, 0.10.0
tensorflow-gpu,1.7.0, Bazel, 0.10.0, 0.10.0
tensorflow-gpu,1.6.0, Bazel, 0.9.0, 0.9.0
tensorflow-gpu,1.5.0, Bazel, 0.8.0, 0.8.0
tensorflow-gpu,1.4.0, Bazel, 0.5.4, 0.5.4
tensorflow-gpu,1.3.0, Bazel, 0.4.5, 0.4.5
tensorflow-gpu,1.2.0, Bazel, 0.4.5, 0.4.5
tensorflow-gpu,1.1.0, Bazel, 0.4.2, 0.4.2
tensorflow-gpu,1.0.0, Bazel, 0.4.2, 0.4.2
"	",,,,
tensorflow, 2.9.0, cudnn,8.1,8.1
tensorflow, 2.8.0, cudnn,8.1,8.1
tensorflow, 2.7.0, cudnn,8.1,8.1
tensorflow, 2.6.0, cudnn,8.1,8.1
tensorflow, 2.5.0, cudnn,8.1,8.1
tensorflow, 2.4.0, cudnn,8,8
tensorflow, 2.3.0, cudnn,7.6,7.6
tensorflow, 2.2.0, cudnn,7.6,7.6
tensorflow, 2.1.0, cudnn,7.6,7.6
tensorflow, 2.0.0, cudnn,7.4,7.4
tensorflow-gpu, 1.15.0, cudnn,7.4,7.4
tensorflow-gpu, 1.14.0, cudnn,7.4,7.4
tensorflow-gpu, 1.13.1, cudnn,7.4,7.4
tensorflow-gpu, 1.12.0, cudnn,7,7
tensorflow-gpu, 1.11.0, cudnn,7,7
tensorflow-gpu, 1.10.0, cudnn,7,7
tensorflow-gpu, 1.9.0, cudnn,7,7
tensorflow-gpu, 1.8.0, cudnn,7,7
tensorflow-gpu, 1.7.0, cudnn,7,7
tensorflow-gpu, 1.6.0, cudnn,7,7
tensorflow-gpu, 1.5.0, cudnn,7,7
tensorflow-gpu, 1.4.0, cudnn,6,6
tensorflow-gpu, 1.3.0, cudnn,6,6
tensorflow-gpu, 1.2.0, cudnn,5.1,5.1
tensorflow-gpu, 1.1.0, cudnn,5.1,5.1
tensorflow-gpu, 1.0.0, cudnn,5.1,5.1
"	",,,,
tensorflow, 2.9.0, cuda,11.2,11.2
tensorflow, 2.8.0, cuda,11.2,11.2
tensorflow, 2.7.0, cuda,11.2,11.2
tensorflow, 2.6.0, cuda,11.2,11.2
tensorflow, 2.5.0, cuda,11.2,11.2
tensorflow, 2.4.0, cuda,11,11
tensorflow, 2.3.0, cuda,10.1,10.1
tensorflow, 2.2.0, cuda,10.1,10.1
tensorflow, 2.1.0, cuda,10.1,10.1
tensorflow, 2.0.0, cuda,10,10
tensorflow-gpu, 1.15.0, cuda,10,10
tensorflow-gpu, 1.14.0, cuda,10,10
tensorflow-gpu, 1.13.1, cuda,10,10
tensorflow-gpu, 1.12.0, cuda,9,9
tensorflow-gpu, 1.11.0, cuda,9,9
tensorflow-gpu, 1.10.0, cuda,9,9
tensorflow-gpu, 1.9.0, cuda,9,9
tensorflow-gpu, 1.8.0, cuda,9,9
tensorflow-gpu, 1.7.0, cuda,9,9
tensorflow-gpu, 1.6.0, cuda,9,9
tensorflow-gpu, 1.5.0, cuda,9,9
tensorflow-gpu, 1.4.0, cuda,8,8
tensorflow-gpu, 1.3.0, cuda,8,8
tensorflow-gpu, 1.2.0, cuda,8,8
tensorflow-gpu, 1.1.0, cuda,8,8
tensorflow-gpu, 1.0.0, cuda,8,8
