tensorflow,2.9.0, Python,	3.7,3.10
tensorflow,2.8.0, Python,	3.7,3.10
tensorflow,2.7.0, Python,	3.7,3.9
tensorflow,2.6.0, Python,	3.6,3.9
tensorflow,2.5.0, Python,	3.6,3.9
tensorflow,2.4.0, Python,	3.6,3.8
tensorflow,2.3.0, Python,	3.5,3.8
tensorflow,2.2.0, Python,	3.5,3.8
tensorflow,2.1.0, Python, 3.5,3.7
tensorflow,2.0.0, Python, 3.5,3.7
tensorflow,2.0.0, Python, 3.3,3.7
tensorflow,1.15.0, Python, 3.3,3.7
tensorflow,1.14.0, Python, 3.3,3.7
tensorflow,1.13.1, Python, 3.3,3.7
tensorflow,1.12.0, Python, 3.3,3.6
tensorflow,1.11.0, Python, 3.3,3.6
tensorflow,1.10.0, Python, 3.3,3.6
tensorflow,1.9.0, Python, 3.3,3.6
tensorflow,1.8.0, Python, 3.3,3.6
tensorflow,1.7.0, Python, 3.3,3.6
tensorflow,1.6.0, Python, 3.3,3.6
tensorflow,1.5.0, Python, 3.3,3.6
tensorflow,1.4.0, Python, 3.3,3.6
tensorflow,1.3.0, Python, 3.3,3.6
tensorflow,1.2.0, Python, 3.3,3.6
tensorflow,1.1.0, Python, 3.3,3.6
tensorflow,1.0.0, Python, 3.3,3.6

tensorflow,2.9.0, Clang from xcode, 10.14, 10.14
tensorflow,2.8.0, Clang from xcode, 10.14, 10.14
tensorflow,2.7.0, Clang from xcode, 10.11, 10.11
tensorflow,2.6.0, Clang from xcode, 10.11, 10.11
tensorflow,2.5.0, Clang from xcode, 10.11, 10.11
tensorflow,2.4.0, Clang from xcode, 10.3, 10.3
tensorflow,2.3.0, Clang from xcode, 10.1, 10.1
tensorflow,2.2.0, Clang from xcode, 10.1, 10.1
tensorflow,2.1.0, Clang from xcode, 10.1, 10.1
tensorflow,2.0.0, Clang from xcode, 10.1, 10.1
tensorflow,2.0.0, Clang from xcode, 10.1, 10.1
tensorflow,1.15.0, Clang from xcode, 10.1, 10.1
tensorflow,1.14.0, Clang from xcode, 10.1, 10.1
tensorflow,1.13.1, Clang from xcode, None, None
tensorflow,1.12.0, Clang from xcode, None, None 
tensorflow,1.11.0, Clang from xcode, None, None
tensorflow,1.10.0, Clang from xcode, None, None
tensorflow,1.9.0, Clang from xcode, None, None
tensorflow,1.8.0, Clang from xcode, None, None
tensorflow,1.7.0, Clang from xcode, None, None
tensorflow,1.6.0, Clang from xcode, None, None
tensorflow,1.5.0, Clang from xcode, None, None
tensorflow,1.4.0, Clang from xcode, None, None
tensorflow,1.3.0, Clang from xcode, None, None
tensorflow,1.2.0, Clang from xcode, None, None
tensorflow,1.1.0, Clang from xcode, None, None
tensorflow,1.0.0, Cl+B44:B60ang from xcode, None, None
tensorflow,2.9.0, Bazel,5.0.0, 5.0.0
tensorflow,2.8.0, Bazel,4.2.1, 4.2.1
tensorflow,2.7.0, Bazel,3.7.2, 3.7.2
tensorflow,2.6.0, Bazel,3.7.2, 3.7.2
tensorflow,2.5.0, Bazel,3.7.2, 3.7.2
tensorflow,2.4.0, Bazel,3.1.0,3.1.0
tensorflow,2.3.0, Bazel,3.1.0,3.1.0
tensorflow,2.2.0, Bazel,2.0.0,2.0.0
tensorflow,2.1.0, Bazel,0.27.1,0.27.1
tensorflow,2.0.0, Bazel,0.27.1,0.27.1
tensorflow,2.0.0, Bazel,0.26.1,0.26.1
tensorflow,1.15.0, Bazel,0.26.1,0.26.1
tensorflow,1.14.0, Bazel,0.24.1,0.24.1
tensorflow,1.13.1, Bazel,0.19.2,0.19.2
tensorflow,1.12.0, Bazel,0.15.0,0.15.0
tensorflow,1.11.0, Bazel,0.15.0,0.15.0
tensorflow,1.10.0, Bazel,0.15.0,0.15.0
tensorflow,1.9.0, Bazel,0.11.0,0.11.0
tensorflow,1.8.0, Bazel,0.10.1,0.10.1
tensorflow,1.7.0, Bazel,0.10.1,0.10.1
tensorflow,1.6.0, Bazel,0.8.1,0.8.1
tensorflow,1.5.0, Bazel,0.8.1,0.8.1
tensorflow,1.4.0, Bazel,0.5.4,0.5.4
tensorflow,1.3.0, Bazel,0.4.5,0.4.5
tensorflow,1.2.0, Bazel,0.4.5,0.4.5
tensorflow,1.1.0, Bazel,0.4.2,0.4.2
tensorflow,1.0.0, Bazel,0.4.2,0.4.2
