{
   
    "Intra-Dependency Causes":{
        "Buggy Software Version":[
            "Buggy Software Version"
        ],
        "Unsuccessful Installation":[
            "Installation Not Complete",
            "Lack Path Configuration"
        ]
    },
    "Inter-Dependency Causes":{
        "Software Version Compatibility": {
            "Compatibility":["Compatibility"],
            "Forward Compatibility":["Forward Compatibility"],
            "Backward Compatibility":[ "Backward Compatibility"],
            "API Compatibility": [
                "API Addition",
                "API Removal",
                "API Parameter List Change",
                "API Renaming",
                "API Behavior Change",
                "API Replacement",
                "API Movement"
            ]
        },
        "Mismatch Artifact": [
            "Wrong Software Distribution",
            "Wrong Software Selection",
            "Multiple Conflicting Software"
        ],
        "Mismatch Hardware": [
            "Mismatch Hardware"
        ],
        
        "Disabled OS Privilege":[
           "Disabled OS Privilege"
        ]
    },
    "mapping":{
        "None":["None"]
    }
}