{
    "Syntactic Error": [
        "Element Not Found",
        "Type Mismatch",
        "Illegal Value",
        "Illegal Argument",
        "Undefined Variable",
        "Others"
    ],
    "DL Specific Error/Anomaly": {
        "Software Error and Anomaly":{
            "Internal Errors":[
                "CUDA Error",
                "cuDNN Error",
                "cuBLAS Error"
            ],
            "Software Dependencies Not Found":[
                "Software Dependencies Not Found"
            ],
            "Library Initialize Failure":[
                "Library Initialize Failure"
            ],
            "Software Dependency Version Do not Match":[
                "Software Dependency Version Do not Match"
            ]
        },
        "Hardware Error/Anomaly":[
            "Hardware Error/Anomaly"
        ],
        "Behavior Anomaly":[
            "Behavior Anomaly"
        ],
        "Model Error":[
            "Model Error"
        ],
        "Data Anomaly":[
            "Data Anomaly"
        ]
    },
    "Performance Anomaly": [
        "Long Execution Time",
        "Processor Anomaly",
        "Memory Anomaly"
    ],
    "Termination":[
        "Termination"
    ],
    "Warning": [
        "Warning"
    ],
    "mapping":{
        "None":"None"
    }
}