{
    "Change Application Code":[
        "Fix API Usage",  
        "Add Missing Code Logic",
        "Reformat Data",
        "Change Hyper-Parameter"
    ],
    "Change Dependency":{
        "Change Dependency Version":[
            "Upgrade Version",
            "Downgrade Version",
            "Unknown Version Change"
        ],
        "Add Dependency":["Add Dependency"],
        "Re-build Dependency":["Re-build Dependency"],
        "Change Dependency Configuration":["Change Dependency Configuration"],
        "Remove Dependency":["Remove Dependency"]
        
    },
    "Change DL Stack":{
        "Switch Software":["Switch Software"],
        "Switch Hardware":["Switch Hardware"],
        "Switch OS":["Switch OS"]
    },
    "Change Environment":[
        "Fix Path Variable",
        "Clear Environment",
        "Create Environment"
    ],
    "mapping":{
        "None":["None"]
    }
}