{
    "Tool":["Tool","Anaconda", "LuaRocks"],

    "Application":["Application"],

    "Library":["Library", "libhdf5", "ND4J", "DataVec", "fairseq_cli", "Theano","Eclipse Deeplearning4J","Keras","pandas","Transformers", "TensorFlow.js", "TensorFlow.js models", "ujson", "setuptools", "ctcdecoder", "swig",
    "Caffe","TensorFlow", "scikit-learn", "TensorFlow Datasets", "PyTorch", "NumPy", "TensorFlow Lite", "NNPACK", "Intel Math Kernel Library", "VCRuntimeDLL", "libpython", "deepspeech", "allennlp", "moto", "OpenCV", "pip", "airflow",
    "Microsoft Cognitive Toolkit", "Sequence-to-Sequence G2P toolkit", "TensorFlow Hub", "TensorLayer", "Magenta", "dynet", "nccl", "libopencv-dev", "OpenBLAS", "intel-openmp", "TensorRT", "deepspeech", "lightning", "future",
    "Cutorch", "H2O", "Sparkling Water", "Pillow", "OptKeras", "h5py", "Keras-surgeon", "spaCy", "PyTorch Lightning", "coremltools", "mxnet", "Horovod", "spacy-pytorch-transformers", "darknet", 
    "torchvision", "KerasTuner", "SHAP", "TensorFlow Serving", "Protocol Buffers","fairseq","yaml","ai4r gem","Dask", "dlib", "tflite_runtime"],

    "Runtime":["Runtime","Python", "Jupyter Notebook","Java", "Scala", "GNU Compiler Collection", "Compiler", "Android runtime", "Microsoft Visual C++"],

    "Driver":["Driver", "CUDA", "cuDNN", "cuBLAS", "Other Drivers"],

    "OS/Container":["System", "OS/Container", "Ubuntu", "CentOS", "Windows", "Linux", "Colaboratory","MacOS", "Google Cloud ML-engine", "Sagemaker", "virtualenv"],
    
    "Hardware":["Hardware"],
    
    "Unknown":["unknown"],

    "mapping":{
        "nvidia-smi":["Tool"],
        "anaconda":["Anaconda"],
        "pip":["pip"],
        "conda":["Anaconda"],
        "Luarocks":["LuaRocks"],
        "MKL": ["Intel Math Kernel Library"],
        "[File] Application":["Application"],
        "multiprocessing or sklearn":["Application"],
        "[file] nms_wrapper.py":["Application"],
        "[file]tarfile.py":["Application"],
        "[File]\"D:/.../PycharmProjects/.../Semantic Similarity with BERT.py\"": ["Application"],
        "[file]file:///android_asset/mobilenet_imagenet.pb":["Application"],
        "[File] \"mnist_test.py\"":["Application"],
        "[file]pooling_layer.cu":["Application"],
        "[file]module/bilm/CNN_proj/W_proj from Container":["Application"],
        "performance keras":["Application"],
        "[file]":["Application"],
        "app file": ["Application"],
        "yolov5":["Application"],


        "airflow":["airflow"],
        "Airflow":["airflow"],
        "NNPACK": ["NNPACK"],
        "coremltools":["coremltools"],
        "Theano":["Theano"],
        "datavec":["DataVec"],
        "nd4j":["ND4J"],
        "dl4j":["Eclipse Deeplearning4J"],
        "Keras":["Keras"],
        "pandas":["pandas"],
        "libhdf5":["libhdf5"],
        "hdf5":["libhdf5"],
        "dask":["Dask"],
        "deeplearning4j":["Eclipse Deeplearning4J"],
        "transformers":["Transformers"],
        "tensorflow/tfjswere":["TensorFlow.js"],
        "tensorflow/tfjs-react-native":["TensorFlow.js"],
        "tensorflow-models/universal-sentence-encoder":["TensorFlow.js models"],
        "pycaffe":["Caffe"],
        "caffe":["Caffe"],
        "tf":["TensorFlow"],
        "tf-gpu":["TensorFlow"],
        "dynet":["dynet"],
        "future":["future"],
        "sklearn":["scikit-learn"],
        "keras":["Keras"],
        "theano":["Theano"],
        "nccl":["nccl"],
        "tensorflow/tfjs": ["TensorFlow.js"],
        "tensorflow-datasets": ["TensorFlow Datasets"],
        "tensorflow-dataset": ["TensorFlow Datasets"],
        "torch":["PyTorch"],
        "pytorch":["PyTorch"],
        "tf-nightly":["TensorFlow"],
        "numpy":["NumPy"],
        "tf-lite":["TensorFlow Lite"],
        "tflite":["TensorFlow Lite"],
        "CNTK":["Microsoft Cognitive Toolkit"],
        "cntk":["Microsoft Cognitive Toolkit"],
        "g2p-seq2seq":["Sequence-to-Sequence G2P toolkit"],
        "TF-Hub":["TensorFlow Hub"],
        "tensorlayer":["TensorLayer"],
        "org.tensorflow":["TensorFlow"],
        "magenta":["Magenta"],
        "cutorch":["Cutorch"],
        "mxnet":["mxnet"],
        "h2o":["H2O"],
        "H2O":["H2O"],
        "sparkling-water-core":["Sparkling Water"],
        "sparkling-water-ml":["Sparkling Water"],
        "pillow":["Pillow"],
        "optkeras":["OptKeras"],
        "h5py":["h5py"],
        "kerassurgeon":["Keras-surgeon"],
        "spacy":["spaCy"],
        "pytorch_lightning":["PyTorch Lightning"],
        "torchvision":["torchvision"],
        "kerastuner":["KerasTuner"],
        "shap":["SHAP"],
        "tf-serving":["TensorFlow Serving"],
        "protobuf":["Protocol Buffers"],
        "fairseq_cli":["fairseq_cli"],
        "fairseq":["fairseq"],
        "dlib":["dlib"],
        "tflite_runtime":["tflite_runtime"],
        "OpenCV":["OpenCV"],
        "libopencv-dev":["libopencv-dev"],
        "python-opencv":["OpenCV"],
        "VCRuntime":["VCRuntimeDLL"],
        "open blas":["OpenBLAS"],
        "intel-openmp":["intel-openmp"],
        "Horovod":["Horovod"],
        "libpython":["libpython"],
        "tensorrt": ["TensorRT"],
        "deepspeech":["deepspeech"],
        "spacy-pytorch-transformers":["spacy-pytorch-transformers"],
        "ujson":["ujson"],
        "darknet":["darknet"],
        "setuptools":["setuptools"],
        "allennlp":["allennlp"],
        "moto":["moto"],
        "lightning":["lightning"],
        "ctcdecoder":["ctcdecoder"],
        "swig":["swig"],


        "java":["Runtime"],
        "python":["Runtime"],
        "Python 3":["Runtime"],
        "scala":["Runtime"],
        "Jupyter Notebook Kernel":["Runtime"],
        "gcc":["Runtime"],
        "AndroidRuntime":["Runtime"],
        "Microsoft Visual C++":["Runtime"],
        "MSVC":["Runtime"],
        "Terminal":["Runtime"],
        "terminate":["Runtime"],
        "swig/python":["Runtime"],
        "Compiler":["Runtime"],
        "runtime":["Runtime"],
        "clang":["Runtime"],
        "cmake":["Runtime"],
        "GCC":["Runtime"],
        "g++":["Runtime"],
        "cython":["Runtime"],
        "mojave":["Runtime"],
        "xla":["Runtime"],
        "as": ["Runtime"],
        "xcode": ["Runtime"],
        "bazel":["Runtime"],
        "ninja":["Runtime"],

        "cuda":["CUDA"],
        "cupti":["CUDA"],
        "thinc_gpu_ops":["CUDA"],
        "Nvidia Driver":["Other Drivers"],
        "gpudriver":["Other Drivers"],
        "cudnn":["cuDNN"],
        "driver":["Other Drivers"],
        "image Driver":["Other Drivers"],
        "cublas":["Other Drivers"],
        "gtx driver":["Other Drivers"],
        

        "ubuntu": ["OS/Container"],
        "CentOS": ["OS/Container"],
        "centOS": ["OS/Container"],
        "windows":["OS/Container"],
        "linux kernel":["OS/Container"],
        "Google Cloud ML-engine":["OS/Container"],
        "colab":["OS/Container"],
        "Sagemaker":["OS/Container"],
        "MacOS":["OS/Container"],
        "Mac OS":["OS/Container"],
        "os":["OS/Container"],
        "VirtualEnv":["OS/Container"],
        "GNU":["OS/Container"],

        "GTX_650":["Hardware"],
        "motherboard":["Hardware"],
        "nvidia-gpu":["Hardware"],
        "ram":["Hardware"],
        "cpu":["Hardware"],
        "gpu":["Hardware"],
        "amd cpu":["Hardware"],
        "GPU":["Hardware"],
        "Arrendale architecture":["Hardware"],
        "cpu avx":["Hardware"],
        "CPU":["Hardware"]
    }
}