,DB ID,URL,symptom,exposed lifecycle stage,exposed dependency,root cause,introduced lifecycle stage,introduced dependency,fix pattern,knowledge source
0,17.0,https://stackoverflow.com/questions/44099511,Syntactic Error,environment setup,libhdf5,Incompatible Software Version,environment setup,"cuDNN, OS/Container","Change Dependency Version: cudnn downgrade to 5.1
Re-build Dependency","Dependency Documentation, Unknown"
1,26.0,https://stackoverflow.com/questions/36683679,Software Error and Anomaly,develop,cuDNN,Incompatible Software Version,environment setup,"cuDNN, OS/Container",Change Dependency Version: cudnn downgrade to v4,Unknown
2,29.0,https://stackoverflow.com/questions/39260247,Software Error and Anomaly,develop,Application,Incompatible Software Version,environment setup,OS/Container,"Change Dependency Version: ubuntu upgrade to 15.10, cuda downgrade to 7.0",Unknown
3,30.0,https://stackoverflow.com/questions/41607013,Software Error and Anomaly,develop,cuDNN,Mismatched Hardware,environment setup,Hardware,"Change Dependency Version: unknown version change
Switch Software",Dependency Documentation
4,31.0,https://stackoverflow.com/questions/47898851,Syntactic Error,environment setup,CUDA,Incompatible Software Version,environment setup,CUDA,"Change Dependency Version: cuda downgrade to 9.0
Re-build Dependency",Dependency Documentation
5,32.0,https://stackoverflow.com/questions/48477909,Software Error and Anomaly,environment setup,TensorFlow,Incompatible Software Version,environment setup,CUDA,Change Dependency Version: cuda upgrade to 9.0,Unknown
6,40.0,https://stackoverflow.com/questions/37611197,Syntactic Error,environment setup,scikit-learn,Incompatible Software Version,environment setup,scikit-learn,Change Dependency Version: sklearn upgrade to 0.18,Library Source Code
7,42.0,https://stackoverflow.com/questions/53675771,Long Execution Time,develop,Application,Incompatible Software Version,environment setup,scikit-learn,Change Dependency Version,Unknown
8,43.0,https://stackoverflow.com/questions/59240556,Syntactic Error,environment setup,scikit-learn,Incompatible Software Version,environment setup,scikit-learn,Change Dependency Version: scikit-learn downgrade to 0.21,Unknown
9,44.0,https://stackoverflow.com/questions/59711670,Syntactic Error,environment setup,Keras,Mismatched Software,environment setup,"TensorFlow, Keras",Switch Software,"Other Online Resource, Unknown"
10,45.0,https://stackoverflow.com/questions/63508675,Syntactic Error,develop,TensorFlow,Incompatible Software Version,environment setup,TensorFlow,Change Dependency Version: tf upgrade to 2.3,Unknown
11,46.0,https://stackoverflow.com/questions/45280293,Syntactic Error,maintenance,TensorFlow,Incompatible Software Version,maintenance,Keras,"Change Dependency Version: unknown version change, tf upgrade to 1.3",Unknown
12,47.0,https://stackoverflow.com/questions/50831290,Warning,develop,Keras,Unsuccessful Installation,environment setup,Keras,Add Dependency: add keras,Unknown
13,50.0,https://stackoverflow.com/questions/35935462,Syntactic Error,develop,Theano,Incompatible Software Version,environment setup,Theano,Change Dependency Version: theano upgrade to 0.7.1,"Library Source Code, Unknown"
14,53.0,https://stackoverflow.com/questions/42729958,Syntactic Error,develop,Theano,Incompatible Software Version,environment setup,Runtime,Add Dependency: add gcc,Unknown
15,54.0,https://stackoverflow.com/questions/43234170,Memory Anomaly,develop,Hardware,Buggy Software Version,environment setup,Theano,Change Dependency Version: theano downgrade to 0.8.2,Unknown
16,56.0,https://stackoverflow.com/questions/46253744,Syntactic Error,unknown,Keras,Incompatible Software Version,unknown,"Theano, Keras","Change Dependency Version: keras upgrade to 2.0, theano downgrade to 0.9.x",Unknown
17,57.0,https://stackoverflow.com/questions/61192138,Syntactic Error,deployment,Keras,Incompatible Software Version,unknown,"Keras, Runtime",Change Dependency Version: keras downgrade to 2.2.4,Unknown
18,58.0,https://stackoverflow.com/questions/36390776,Memory Anomaly,develop,Hardware,Incompatible Software Version,environment setup,CUDA,"Add Missing Code Logic
Change Dependency Version: cuda upgrade to 7.5","Unknown, Unknown"
19,59.0,https://stackoverflow.com/questions/37464296,Behavior Anomaly,develop,PyTorch,Incompatible Software Version,environment setup,OS/Container,Change Dependency Version: centos upgrade to 7.0,Unknown
20,64.0,https://stackoverflow.com/questions/66126608,Behavior Anomaly,develop,PyTorch,Incompatible Software Version,environment setup,PyTorch,Change Dependency Version: torch upgrade to 1.7.1,Unknown
21,66.0,https://stackoverflow.com/questions/48618123,Software Error and Anomaly,develop,Application,Incompatible Software Version,environment setup,CUDA,Change Dependency Version: cuda upgrade to 8.0,Dependency Documentation
22,69.0,https://stackoverflow.com/questions/31196199,Syntactic Error,develop,H2O,Buggy Software Version,environment setup,H2O,Change Dependency Version: h2o upgrade to 3.0.0.26,Issue Tracker
23,70.0,https://stackoverflow.com/questions/39838518,Software Error and Anomaly,environment setup,H2O,Incompatible Software Version,environment setup,"Sparkling Water, Sparkling Water","Change Dependency Version: sw upgrade to 2.0, sparkling-water-ml upgrade to 2.11","Unknown, Unknown"
24,71.0,https://stackoverflow.com/questions/35757151,Memory Anomaly,develop,Keras,Buggy Software Version,environment setup,TensorFlow,Change Dependency Version: tf upgrade to 0.7.1,Unknown
25,72.0,https://stackoverflow.com/questions/37053219,Syntactic Error,develop,Keras,Incompatible Software Version,environment setup,"Keras, Theano, Runtime","Change Dependency Version: python downgrade to 2
Add Dependency: add libpython
Fix Path Variable","Other Online Resource, Unknown"
26,74.0,https://stackoverflow.com/questions/41704617,Syntactic Error,develop,Keras,Buggy Software Version,environment setup,Keras,Change Dependency Version: keras downgrade to 1.2.0,Issue Tracker
27,76.0,https://stackoverflow.com/questions/42473052,Hardware Error/Anomaly,environment setup,TensorFlow,Mismatched Software,environment setup,"TensorFlow, TensorFlow","Remove Dependency: remove tf version 1.0, remove tf-gpu version 1.0",Unknown
28,77.0,https://stackoverflow.com/questions/42585620,Syntactic Error,develop,Keras,Buggy Software Version,environment setup,Keras,Change Dependency Version: keras upgrade to 1.2.2,"Issue Tracker, Other Online Resource"
29,78.0,https://stackoverflow.com/questions/42815131,Warning,develop,Keras,Incompatible Software Version,environment setup,Keras,Fix API Usage,"Library Source Code, Unknown"
30,81.0,https://stackoverflow.com/questions/43020237,Syntactic Error,develop,Keras,Incompatible Software Version,environment setup,TensorFlow,Change Dependency Version: tf upgrade to 1.0,Unknown
31,83.0,https://stackoverflow.com/questions/43531434,Syntactic Error,environment setup,Keras,Incompatible Software Version,environment setup,Keras,Fix API Usage,Library Source Code
32,84.0,https://stackoverflow.com/questions/43833081,Syntactic Error,environment setup,Keras,Incompatible Software Version,environment setup,Dask,Change Dependency Version: dask upgrade to 0.15.0,Unknown
33,86.0,https://stackoverflow.com/questions/44943323,Syntactic Error,develop,Keras,Incompatible Software Version,environment setup,Keras,"Fix API Usage
Add Missing Code Logic
Change Dependency Version: tf upgrade to 2.0",Library Source Code
34,88.0,https://stackoverflow.com/questions/45032891,Syntactic Error,environment setup,TensorFlow,Incompatible Software Version,environment setup,TensorFlow,Change Dependency Version: tf upgrade to 1.1.0,Unknown
35,89.0,https://stackoverflow.com/questions/45266707,Syntactic Error,develop,Keras,Incompatible Software Version,environment setup,TensorFlow,Change Dependency Version: unknown version change,Unknown
36,90.0,https://stackoverflow.com/questions/45555376,Syntactic Error,develop,Keras,Incompatible Software Version,environment setup,TensorFlow,Change Dependency Version: tf upgrade to 1.0/1.1,Unknown
37,91.0,https://stackoverflow.com/questions/45624414,Syntactic Error,deployment,Keras,Incompatible Software Version,deployment,Keras,Change Dependency Version: keras upgrade to 2.0.6,Unknown
38,92.0,https://stackoverflow.com/questions/45631235,Syntactic Error,environment setup,Keras,Incompatible Software Version,environment setup,Keras,"Add Missing Code Logic
Change Dependency Version: keras downgrade to 1.2.2",Library Source Code
39,94.0,https://stackoverflow.com/questions/45996212,Syntactic Error,develop,Keras,Incompatible Software Version,environment setup,Keras,Change Dependency Version: unknown version change,Library Source Code
40,95.0,https://stackoverflow.com/questions/46314003,Warning,develop,TensorFlow,Incompatible Software Version,environment setup,Keras,Fix API Usage,Library Source Code
41,98.0,https://stackoverflow.com/questions/47328528,Syntactic Error,environment setup,Keras,Incompatible Software Version,environment setup,Runtime,"Change Dependency Version: python downgrade to 3.6
Re-build Dependency
Change Dependency Configuration","Unknown, Unknown"
42,99.0,https://stackoverflow.com/questions/47857437,Syntactic Error,environment setup,Keras,Incompatible Software Version,environment setup,Keras,Change Dependency Version: unknown version change,Library Source Code
43,101.0,https://stackoverflow.com/questions/48181144,Syntactic Error,develop,Keras,Incompatible Software Version,environment setup,TensorFlow,Change Dependency Version: tf upgrade to 1.4.1,Unknown
44,102.0,https://stackoverflow.com/questions/48952526,Software Error and Anomaly,environment setup,TensorFlow,Incompatible Software Version,environment setup,"CUDA, cuDNN, TensorFlow, Keras","Change Dependency Version: cuda upgrade to 9.0, cudnn upgrade to 7.0.5
Create Environment",Unknown
45,103.0,https://stackoverflow.com/questions/49081129,Memory Anomaly,develop,Runtime,Buggy Software Version,environment setup,TensorFlow,Change Dependency Version: tf-gpu upgrade to 1.4,Issue Tracker
46,106.0,https://stackoverflow.com/questions/49282269,Syntactic Error,develop,Keras,Incompatible Software Version,environment setup,TensorFlow,Change Dependency Version: tf-nightly downgrade to 1.6,Unknown
47,107.0,https://stackoverflow.com/questions/49592049,Processor Anomaly,environment setup,TensorFlow,Incompatible Software Version,environment setup,TensorFlow,"Change Dependency Version: tf downgrade to 1.6
Fix Path Variable","Unknown, Unknown"
48,108.0,https://stackoverflow.com/questions/50050981,Syntactic Error,develop,Keras,Unsuccessful Installation,environment setup,cuDNN,"Add Dependency: add cudnn, add cuda, add tf",Dependency Documentation
49,109.0,https://stackoverflow.com/questions/50321437,Syntactic Error,develop,Keras,Incompatible Software Version,environment setup,"TensorFlow, Keras","Change Dependency Version: keras upgrade to 2.1.6, unknown version change",Issue Tracker
50,111.0,https://stackoverflow.com/questions/50872628,Behavior Anomaly,develop,Runtime,Incompatible Software Version,environment setup,Runtime,Reformat Data,Unknown
51,112.0,https://stackoverflow.com/questions/51017373,Data Anomaly,develop,Keras,Incompatible Software Version,environment setup,"TensorFlow, Keras",Change Dependency Version: keras downgrade to 2.1.6,Unknown
52,113.0,https://stackoverflow.com/questions/51181754,Syntactic Error,develop,Keras,Incompatible Software Version,environment setup,TensorFlow,Re-build Dependency,Library Source Code
53,114.0,https://stackoverflow.com/questions/51182211,Syntactic Error,develop,TensorFlow,Incompatible Software Version,environment setup,TensorFlow,Change Dependency Version: tf upgrade to 1.8.0,Unknown
54,115.0,https://stackoverflow.com/questions/51320027,Long Execution Time,develop,Keras,Incompatible Software Version,environment setup,"Hardware, Hardware, OS/Container","Change Dependency Version: linux kernel upgrade to 4.17
Switch Hardware",Unknown
55,116.0,https://stackoverflow.com/questions/51806852,Syntactic Error,develop,TensorFlow,Incompatible Software Version,environment setup,TensorFlow,"Fix API Usage
Change Dependency Version: tf upgrade to 2.2.0, tf upgrade to 2.0","Library Source Code, Dependency Documentation"
56,117.0,https://stackoverflow.com/questions/51964883,Syntactic Error,develop,Keras,Incompatible Software Version,environment setup,Runtime,Change Dependency Version: python downgrade to 3.6,Unknown
57,118.0,https://stackoverflow.com/questions/52265049,Software Error and Anomaly,develop,Keras,Incompatible Software Version,environment setup,Other Drivers,Change Dependency Version: nvidia team upgrade to 396,Unknown
58,119.0,https://stackoverflow.com/questions/52424172,Syntactic Error,develop,Keras,Buggy Software Version,environment setup,TensorFlow,Change Dependency Version: tf upgrade to 1.10,Unknown
59,120.0,https://stackoverflow.com/questions/52466932,Syntactic Error,develop,Keras,Incompatible Software Version,environment setup,Keras,"Fix API Usage
Change Dependency Version: keras upgrade to 2.2.3",Library Source Code
60,121.0,https://stackoverflow.com/questions/52753846,Syntactic Error,unknown,Keras,Buggy Software Version,unknown,Keras,"Fix API Usage
Change Dependency Version: unknown version change",Library Source Code
61,122.0,https://stackoverflow.com/questions/52853955,Behavior Anomaly,unknown,Keras,Incompatible Software Version,unknown,Keras,Change Dependency Version: keras upgrade to 2.2.4,Unknown
62,123.0,https://stackoverflow.com/questions/53764258,Software Error and Anomaly,environment setup,TensorFlow,Incompatible Software Version,environment setup,"cuDNN, Hardware",Fix Path Variable,Unknown
63,124.0,https://stackoverflow.com/questions/53809325,Behavior Anomaly,develop,Keras,Incompatible Software Version,environment setup,Keras,"Add Missing Code Logic
Add Dependency: add keras-metrics",Library Source Code
64,125.0,https://stackoverflow.com/questions/53973031,Syntactic Error,develop,Keras,Incompatible Software Version,environment setup,TensorFlow,Change Dependency Version: tf upgrade to 1.10,Unknown
65,126.0,https://stackoverflow.com/questions/54034482,Long Execution Time,develop,TensorFlow,Mismatched Software,environment setup,"TensorFlow, Keras",Switch Software,"Library Source Code, Unknown"
66,127.0,https://stackoverflow.com/questions/54050581,Syntactic Error,environment setup,Keras,Unsuccessful Installation,environment setup,Keras,Create Environment,"Unknown, Unknown"
67,128.0,https://stackoverflow.com/questions/54257490,Syntactic Error,environment setup,TensorFlow,Incompatible Software Version,environment setup,TensorFlow,"Add Missing Code Logic
Change Dependency Version: tf-gpu downgrade to 1.11",Library Source Code
68,132.0,https://stackoverflow.com/questions/55193860,Syntactic Error,develop,Keras,Buggy Software Version,environment setup,TensorFlow,Change Dependency Version: tf upgrade to 1.8.0,"Library Source Code, Unknown"
69,135.0,https://stackoverflow.com/questions/55761337,Syntactic Error,develop,TensorFlow,Buggy Software Version,environment setup,TensorFlow,"Fix API Usage
Change Dependency Version: tf upgrade to 2.0.0-beta1","Library Source Code, Unknown"
70,137.0,https://stackoverflow.com/questions/55918769,Syntactic Error,develop,Keras,Incompatible Software Version,environment setup,"Keras, TensorFlow","Reformat Data
Change Dependency Version: tf upgrade to 1.13.1, keras upgrade to 2.2.4","Unknown, Unknown"
71,141.0,https://stackoverflow.com/questions/56133254,Syntactic Error,develop,Keras,Incompatible Software Version,environment setup,"Runtime, TensorFlow",Change Dependency Version: tf upgrade to 1.14,"Unknown, Unknown"
72,143.0,https://stackoverflow.com/questions/56536141,Behavior Anomaly,develop,Application,Buggy Software Version,environment setup,"Keras, TensorFlow",Change Dependency Version: tf upgrade to 1.14.0-rc1,Unknown
73,145.0,https://stackoverflow.com/questions/56851895,Syntactic Error,develop,Keras,Mismatched Software,environment setup,"TensorFlow, Keras",Switch Software,Unknown
74,148.0,https://stackoverflow.com/questions/57306304,Syntactic Error,deployment,TensorFlow Serving,Incompatible Software Version,deployment,TensorFlow,Change Dependency Version: tf upgrade to 1.14,Unknown
75,150.0,https://stackoverflow.com/questions/57494638,Syntactic Error,develop,TensorFlow,Incompatible Software Version,environment setup,TensorFlow,Change Dependency Version: tf downgrade to 1.14,Unknown
76,152.0,https://stackoverflow.com/questions/57576167,Syntactic Error,develop,TensorFlow,Buggy Software Version,environment setup,TensorFlow,Change Dependency Version: tf downgrade to 1.14,Issue Tracker
77,153.0,https://stackoverflow.com/questions/57754497,Syntactic Error,unknown,Keras,Mismatched Software,unknown,"TensorFlow, Keras",Switch Software,"Unknown, Unknown"
78,154.0,https://stackoverflow.com/questions/57930073,Syntactic Error,develop,Keras,Incompatible Software Version,environment setup,TensorFlow,Change Dependency Version: tf upgrade to 2.0.0-rc1,Unknown
79,156.0,https://stackoverflow.com/questions/58045596,Syntactic Error,develop,Keras,Buggy Software Version,environment setup,TensorFlow,"Reformat Data
Change Dependency Version: tf downgrade to 2.2.4","Library Source Code, Dependency Documentation, Issue Tracker"
80,157.0,https://stackoverflow.com/questions/58050156,Model Error,unknown,TensorFlow,Buggy Software Version,environment setup,TensorFlow,Change Dependency Version: tf upgrade to 1.15,Unknown
81,162.0,https://stackoverflow.com/questions/58483210,Software Error and Anomaly,environment setup,Keras,Mismatched Software,environment setup,Runtime,"Change Dependency Version: unknown version change
Add Dependency: add microsoft visual c++ redistributable packages fx64, add change software----python≠3.7(x86)  python, add tf",Unknown
82,165.0,https://stackoverflow.com/questions/59017361,Syntactic Error,develop,TensorFlow,Incompatible Software Version,environment setup,TensorFlow,"Fix API Usage
Change Dependency Version: tf downgrade to 1.x",Unknown
83,166.0,https://stackoverflow.com/questions/59027150,Long Execution Time,develop,Keras,Incompatible Software Version,environment setup,"TensorFlow, Keras","Change Hyper-Parameter
Change Dependency Version: tf downgrade to 1.14",Unknown
84,167.0,https://stackoverflow.com/questions/59075244,Behavior Anomaly,develop,Keras,Buggy Software Version,environment setup,TensorFlow,Change Dependency Version: tf upgrade to 2.0,Unknown
85,168.0,https://stackoverflow.com/questions/59102657,Syntactic Error,develop,TensorFlow,Incompatible Software Version,environment setup,TensorFlow,"Fix API Usage
Add Dependency: add talos",Unknown
86,172.0,https://stackoverflow.com/questions/59459468,Syntactic Error,develop,Keras,Mismatched Software,environment setup,"TensorFlow, Keras",Switch Software,Unknown
87,173.0,https://stackoverflow.com/questions/59496936,Syntactic Error,develop,TensorFlow,Mismatched Software,environment setup,"TensorFlow, Keras",Switch Software,Unknown
88,174.0,https://stackoverflow.com/questions/59682542,Syntactic Error,develop,Application,Incompatible Software Version,environment setup,TensorFlow,"Change Dependency Version: tf downgrade to 1.14
Re-build Dependency",Library Source Code
89,179.0,https://stackoverflow.com/questions/60715451,Behavior Anomaly,develop,TensorFlow,Buggy Software Version,environment setup,TensorFlow,Change Dependency Version: tf downgrade to 1.15,Issue Tracker
90,183.0,https://stackoverflow.com/questions/61250699,Syntactic Error,environment setup,TensorFlow,Incompatible Software Version,environment setup,"TensorFlow, Keras","Change Dependency Version: tf-gpu downgrade to 1.15.0, keras downgrade to 2.2.4",Unknown
91,184.0,https://stackoverflow.com/questions/61471416,Syntactic Error,environment setup,TensorFlow,Incompatible Software Version,environment setup,Runtime,Change Dependency Version: python downgrade to 3.7,Dependency Documentation
92,188.0,https://stackoverflow.com/questions/61827851,Behavior Anomaly,develop,TensorFlow,Buggy Software Version,environment setup,TensorFlow,Change Dependency Version: tf downgrade to 2.0.0,Issue Tracker
93,189.0,https://stackoverflow.com/questions/61919984,Syntactic Error,develop,TensorFlow,Incompatible Software Version,environment setup,TensorFlow,"Change Dependency Version: tf upgrade to 2.1, cuda upgrade to 10",Unknown
94,190.0,https://stackoverflow.com/questions/62033587,Syntactic Error,environment setup,TensorFlow,Mismatched Software,environment setup,"TensorFlow, Keras",Switch Software,Dependency Documentation
95,191.0,https://stackoverflow.com/questions/62163548,Syntactic Error,develop,TensorFlow,Incompatible Software Version,environment setup,Keras,Change Dependency Version: keras downgrade to 2.3.0,Unknown
96,193.0,https://stackoverflow.com/questions/62465620,Software Error and Anomaly,environment setup,Keras,Incompatible Software Version,environment setup,"TensorFlow, Keras","Change Dependency Version: unknown version change, unknown version change, keras downgrade to 2.3.1, tf-gpu downgrade to 1.14.0",Unknown
97,194.0,https://stackoverflow.com/questions/62494018,Syntactic Error,environment setup,TensorFlow,Incompatible Software Version,environment setup,TensorFlow,Change Dependency Version: tf downgrade to 1.5,Library Source Code
98,195.0,https://stackoverflow.com/questions/62656411,Syntactic Error,develop,OptKeras,Incompatible Software Version,environment setup,OptKeras,"Add Missing Code Logic
Re-build Dependency",Unknown
99,198.0,https://stackoverflow.com/questions/62690377,Software Error and Anomaly,develop,Keras,Mismatched Software,environment setup,"Keras, TensorFlow","Change Dependency Version: keras downgrade to 2.3.1, keras downgrade to 2.2.4",Dependency Documentation
100,200.0,https://stackoverflow.com/questions/62977508,Syntactic Error,environment setup,TensorFlow,Incompatible Software Version,environment setup,TensorFlow,Change Dependency Version: tf upgrade to 2.2.0,Unknown
101,204.0,https://stackoverflow.com/questions/63253248,Syntactic Error,develop,TensorFlow,Mismatched Software,environment setup,"Keras, TensorFlow",Switch Software,Unknown
102,205.0,https://stackoverflow.com/questions/63689072,Syntactic Error,develop,Keras,Mismatched Software,environment setup,"Keras, TensorFlow",Switch Software,"Other Online Resource, Unknown"
103,206.0,https://stackoverflow.com/questions/63753130,Model Error,develop,h5py,Incompatible Software Version,environment setup,TensorFlow,Change Dependency Version: tf-nightly upgrade to 2.4,"Issue Tracker, Unknown"
104,207.0,https://stackoverflow.com/questions/63860741,Software Error and Anomaly,environment setup,CUDA,Incompatible Software Version,environment setup,Runtime,Change Dependency Version: python downgrade to 3.6.5,Unknown
105,208.0,https://stackoverflow.com/questions/64055307,Model Error,deployment,TensorFlow,Incompatible Software Version,deployment,TensorFlow,Fix API Usage,Library Source Code
106,209.0,https://stackoverflow.com/questions/64128487,Syntactic Error,develop,TensorFlow,Incompatible Software Version,environment setup,TensorFlow,"Change Dependency Version: tf upgrade to 1.13/1.15.0
Add Dependency: add cuda","Library Source Code, Dependency Documentation"
107,210.0,https://stackoverflow.com/questions/64333065,Syntactic Error,unknown,Keras,Incompatible Software Version,unknown,Keras,Change Dependency Version,Unknown
108,212.0,https://stackoverflow.com/questions/64645579,Behavior Anomaly,develop,Keras,Buggy Software Version,environment setup,TensorFlow,"Change Dependency Version: tf upgrade to 2.4.0-rc1, tf downgrade to 2.2.1",Unknown
109,215.0,https://stackoverflow.com/questions/65115791,Hardware Error/Anomaly,develop,TensorFlow,Incompatible Software Version,environment setup,"TensorFlow, CUDA, cuDNN","Change Dependency Version: cuda downgrade to 10.1.243
Add Dependency: add cudnn
Create Environment",Unknown
110,216.0,https://stackoverflow.com/questions/65254938,Data Anomaly,develop,TensorFlow,Incompatible Software Version,environment setup,"Hardware, CUDA",Change Dependency Version: cuda upgrade to 11.0,Unknown
111,219.0,https://stackoverflow.com/questions/65449280,Syntactic Error,maintenance,Keras,Incompatible Software Version,maintenance,TensorFlow,Change Dependency Version: tf upgrade to 2.4,Unknown
112,220.0,https://stackoverflow.com/questions/65657277,Syntactic Error,environment setup,Keras,Incompatible Software Version,environment setup,Runtime,Change Dependency Version: python downgrade to 3.8,Unknown
113,221.0,https://stackoverflow.com/questions/65720625,Software Error and Anomaly,environment setup,TensorFlow,Incompatible Software Version,environment setup,"TensorFlow, CUDA, cuDNN",Change Dependency Version: cuda downgrade to 11.0,Unknown
114,222.0,https://stackoverflow.com/questions/65855882,Syntactic Error,develop,TensorFlow,Incompatible Software Version,environment setup,Keras,"Change Dependency Version: tf downgrade to 2.2, keras downgrade to 2.3.1",Unknown
115,226.0,https://stackoverflow.com/questions/66590044,Syntactic Error,develop,Keras-surgeon,Incompatible Software Version,environment setup,TensorFlow,"Change Dependency Version: tf downgrade to 1.14
Re-build Dependency",Unknown
116,227.0,https://stackoverflow.com/questions/67301887,Model Error,develop,TensorFlow,Mismatched Software,environment setup,NumPy,"Change Dependency Version: numpy downgrade to 1.18.5
Remove Dependency: remove numpy version",Unknown
117,228.0,https://stackoverflow.com/questions/67439263,Syntactic Error,develop,Keras,Incompatible Software Version,environment setup,"TensorFlow, Keras","Change Dependency Version: keras downgrade to 2.3.1, tf downgrade to 2.2.0","Library Source Code, Unknown"
118,229.0,https://stackoverflow.com/questions/67533326,Syntactic Error,develop,SHAP,Incompatible Software Version,environment setup,"TensorFlow, SHAP",Fix API Usage,Unknown
119,230.0,https://stackoverflow.com/questions/67584317,Behavior Anomaly,deployment,TensorFlow,Incompatible Software Version,deployment,TensorFlow,Change Dependency Version: tf upgrade to 1.12,Other Online Resource
120,231.0,https://stackoverflow.com/questions/67593966,Syntactic Error,develop,Keras,Incompatible Software Version,environment setup,Keras,"Fix API Usage
Change Dependency Version: keras upgrade to 1.2.2",Dependency Documentation
121,232.0,https://stackoverflow.com/questions/67830948,Syntactic Error,develop,Keras,Mismatched Software,environment setup,"TensorFlow, Keras",Switch Software,Unknown
122,233.0,https://stackoverflow.com/questions/67950924,Syntactic Error,environment setup,Keras,Incompatible Software Version,environment setup,TensorFlow,Change Dependency Version: tf upgrade to 2.5,Unknown
123,234.0,https://stackoverflow.com/questions/68258932,Data Anomaly,unknown,TensorFlow,Incompatible Software Version,unknown,TensorFlow,Change Dependency Version: tf upgrade to 2.5.0,Unknown
124,235.0,https://stackoverflow.com/questions/68836551,Syntactic Error,develop,TensorFlow,Incompatible Software Version,environment setup,TensorFlow,"Fix API Usage
Change Dependency Version: tf downgrade to 2.5",Dependency Documentation
125,236.0,https://stackoverflow.com/questions/68881426,Behavior Anomaly,develop,TensorFlow,Incompatible Software Version,environment setup,TensorFlow,Add Missing Code Logic,Dependency Documentation
126,238.0,https://stackoverflow.com/questions/69816918,Behavior Anomaly,develop,TensorFlow,Incompatible Software Version,environment setup,Runtime,Change Dependency Version: python  downgrade to 3.8.0,Unknown
127,239.0,https://stackoverflow.com/questions/69858954,Behavior Anomaly,unknown,TensorFlow,Incompatible Software Version,unknown,TensorFlow,Change Dependency Version: tf upgrade to 2.5.0,Library Source Code
128,240.0,https://stackoverflow.com/questions/69955838,Syntactic Error,develop,Keras,Buggy Software Version,environment setup,TensorFlow,Fix API Usage,Issue Tracker
129,246.0,https://stackoverflow.com/questions/34170610,Syntactic Error,environment setup,TensorFlow,Incompatible Software Version,environment setup,TensorFlow,Change Dependency Version: unknown version change,Library Source Code
130,247.0,https://stackoverflow.com/questions/34363549,Syntactic Error,develop,TensorFlow,Buggy Software Version,environment setup,TensorFlow,Change Dependency Version: unknown version change,Issue Tracker
131,248.0,https://stackoverflow.com/questions/35469731,Software Error and Anomaly,environment setup,TensorFlow,Incompatible Software Version,environment setup,CUDA,"Change Dependency Version: cuda downgrade to 7.0
Re-build Dependency
Switch OS
Create Environment",Unknown
132,250.0,https://stackoverflow.com/questions/35799198,Syntactic Error,develop,TensorFlow,Incompatible Software Version,environment setup,TensorFlow,Change Dependency Version: tf upgrade to 0.7.1,"Dependency Documentation, Unknown"
133,252.0,https://stackoverflow.com/questions/37348977,Syntactic Error,environment setup,TensorFlow,Incompatible Software Version,environment setup,TensorFlow,Change Dependency Version,Unknown
134,253.0,https://stackoverflow.com/questions/38036837,Memory Anomaly,develop,TensorFlow,Incompatible Software Version,environment setup,"Hardware, cuDNN","Change Dependency Version: cuda upgrade to 8.0RC
Add Dependency: add bazel
Re-build Dependency",Unknown
135,254.0,https://stackoverflow.com/questions/38563173,Syntactic Error,develop,TensorFlow,Incompatible Software Version,environment setup,TensorFlow,"Change Dependency Version: cuda upgrade to 8.0
Re-build Dependency",Unknown
136,256.0,https://stackoverflow.com/questions/38646996,Syntactic Error,develop,TensorFlow,Incompatible Software Version,environment setup,TensorFlow,"Change Dependency Version: unknown version change, tf upgrade to 0.9.0",Dependency Documentation
137,258.0,https://stackoverflow.com/questions/39079798,Software Error and Anomaly,develop,TensorFlow,Incompatible Software Version,environment setup,CUDA,"Change Dependency Version: cuda upgrade to 8.0 RC
Add Dependency: add bazel
Re-build Dependency",Unknown
138,267.0,https://stackoverflow.com/questions/41178979,Syntactic Error,develop,TensorFlow,Buggy Software Version,environment setup,TensorFlow,Change Dependency Version,Library Source Code
139,269.0,https://stackoverflow.com/questions/41813665,Syntactic Error,develop,TensorFlow,Incompatible Software Version,environment setup,TensorFlow,Reformat Data,Other Online Resource
140,272.0,https://stackoverflow.com/questions/42217059,Syntactic Error,environment setup,TensorFlow,Incompatible Software Version,environment setup,TensorFlow,Fix API Usage,Library Source Code
141,274.0,https://stackoverflow.com/questions/42553860,Syntactic Error,environment setup,TensorFlow,Unsuccessful Installation,environment setup,CUDA,"Add Dependency: add cuda, add cudnn","Dependency Documentation, Other Online Resource"
142,277.0,https://stackoverflow.com/questions/42675391,Syntactic Error,develop,Application,Incompatible Software Version,environment setup,TensorFlow,Fix API Usage,Library Source Code
143,279.0,https://stackoverflow.com/questions/42759360,Software Error and Anomaly,environment setup,TensorFlow,Incompatible Software Version,environment setup,CUDA,Change Dependency Version: unknown version change,Dependency Documentation
144,283.0,https://stackoverflow.com/questions/43651296,Termination,develop,TensorFlow,Incompatible Software Version,environment setup,TensorFlow,Change Dependency Version: tf upgrade to 1.1.0,Unknown
145,284.0,https://stackoverflow.com/questions/43695085,Memory Anomaly,develop,Hardware,Buggy Software Version,environment setup,TensorFlow,Change Dependency Version: tf upgrade to 1.1,Issue Tracker
146,285.0,https://stackoverflow.com/questions/43721690,Software Error and Anomaly,environment setup,TensorFlow,Unsuccessful Installation,environment setup,cuDNN,"Add Dependency: add cudnn, add cudnn",Other Online Resource
147,286.0,https://stackoverflow.com/questions/43727917,Software Error and Anomaly,environment setup,TensorFlow,Incompatible Software Version,environment setup,cuDNN,"Change Dependency Version
Fix Path Variable",Unknown
148,287.0,https://stackoverflow.com/questions/43829882,Software Error and Anomaly,environment setup,TensorFlow,Incompatible Software Version,environment setup,cuDNN,"Change Dependency Version: cudnn upgrade to 6.0
Fix Path Variable",Unknown
149,291.0,https://stackoverflow.com/questions/44062514,Syntactic Error,develop,TensorFlow,Incompatible Software Version,environment setup,TensorFlow,Change Dependency Version: tf upgrade to 1.1.0,Unknown
150,293.0,https://stackoverflow.com/questions/44106036,Syntactic Error,develop,TensorFlow,Buggy Software Version,environment setup,TensorFlow,"Change Dependency Version: tf upgrade to 1.2-rc0 , tf downgrade to 1.0.1",Unknown
151,294.0,https://stackoverflow.com/questions/44115133,Syntactic Error,develop,TensorFlow,Incompatible Software Version,environment setup,TensorFlow,Change Dependency Version: unknown version change,Unknown
152,297.0,https://stackoverflow.com/questions/44269047,Hardware Error/Anomaly,environment setup,TensorFlow,Mismatched Hardware,environment setup,CUDA,"Re-build Dependency
Switch Hardware",Dependency Documentation
153,300.0,https://stackoverflow.com/questions/44523060,Software Error and Anomaly,environment setup,cuDNN,Incompatible Software Version,environment setup,TensorFlow,Change Dependency Version: cudnn downgrade to 5.1,Other Online Resource
154,302.0,https://stackoverflow.com/questions/44577864,Syntactic Error,develop,Magenta,Incompatible Software Version,environment setup,Magenta,Change Dependency Version: magenta downgrade to 0.1.13,Unknown
155,303.0,https://stackoverflow.com/questions/44685461,Syntactic Error,environment setup,TensorFlow,Incompatible Software Version,environment setup,TensorFlow,Fix API Usage,Unknown
156,308.0,https://stackoverflow.com/questions/44990791,Termination,develop,Runtime,Incompatible Software Version,environment setup,cuDNN,Change Dependency Version: cudnn downgrade to 5.1,Unknown
157,312.0,https://stackoverflow.com/questions/45740181,Syntactic Error,develop,TensorFlow,Incompatible Software Version,environment setup,TensorFlow,Change Dependency Version: tf upgrade to 1.3.0,Dependency Documentation
158,313.0,https://stackoverflow.com/questions/45748009,Software Error and Anomaly,environment setup,TensorFlow,Incompatible Software Version,environment setup,cuDNN,Change Dependency Version: cudnn upgrade to 6,Unknown
159,315.0,https://stackoverflow.com/questions/45873424,Software Error and Anomaly,environment setup,TensorFlow,Incompatible Software Version,environment setup,cuDNN,Change Dependency Version: cudnn upgrade to 6,Dependency Documentation
160,316.0,https://stackoverflow.com/questions/45897627,Software Error and Anomaly,environment setup,TensorFlow,Incompatible Software Version,environment setup,cuDNN,Change Dependency Version: cudnn upgrade to 6,Unknown
161,319.0,https://stackoverflow.com/questions/46516353,Software Error and Anomaly,environment setup,TensorFlow,Incompatible Software Version,environment setup,CUDA,"Change Dependency Version: tf upgrade to 1.5
Clear Environment","Dependency Documentation, Dependency Documentation"
162,322.0,https://stackoverflow.com/questions/46889203,Syntactic Error,develop,Application,Incompatible Software Version,environment setup,TensorFlow,Change Dependency Version: tf upgrade to 1.4,Unknown
163,323.0,https://stackoverflow.com/questions/47051321,Syntactic Error,develop,TensorFlow,Incompatible Software Version,environment setup,TensorFlow,Change Dependency Version: tf upgrade to 1.4.0,Unknown
164,325.0,https://stackoverflow.com/questions/47116374,Syntactic Error,develop,TensorFlow,Incompatible Software Version,environment setup,TensorFlow,Change Dependency Version: tf upgrade to 1.4.0,Unknown
165,328.0,https://stackoverflow.com/questions/47276624,Syntactic Error,unknown,TensorFlow,Incompatible Software Version,unknown,TensorFlow,"Fix API Usage
Change Dependency Version: tf upgrade to 1.4",Dependency Documentation
166,330.0,https://stackoverflow.com/questions/47662341,Software Error and Anomaly,environment setup,TensorFlow,Incompatible Software Version,environment setup,TensorFlow,Change Dependency Version: tf downgrade to 1.1,Dependency Documentation
167,331.0,https://stackoverflow.com/questions/47705684,Syntactic Error,develop,TensorFlow,Buggy Software Version,environment setup,TensorFlow,Reformat Data,Dependency Documentation
168,335.0,https://stackoverflow.com/questions/48569559,Hardware Error/Anomaly,environment setup,TensorFlow,Mismatched Hardware,environment setup,Hardware,Switch Hardware,Dependency Documentation
169,336.0,https://stackoverflow.com/questions/48713335,Syntactic Error,develop,TensorFlow,Buggy Software Version,environment setup,TensorFlow,"Change Dependency Version: tf upgrade to 1.6, tf downgrade to 1.4",Unknown
170,337.0,https://stackoverflow.com/questions/48791100,Termination,unknown,TensorFlow,Mismatched Hardware,unknown,TensorFlow,Re-build Dependency,Unknown
171,339.0,https://stackoverflow.com/questions/49064492,Model Error,develop,TensorFlow,Buggy Software Version,environment setup,TensorFlow,Change Dependency Version: unknown version change,Unknown
172,340.0,https://stackoverflow.com/questions/49093362,Software Error and Anomaly,environment setup,TensorFlow,Mismatched Hardware,environment setup,Hardware,Switch Hardware,Unknown
173,341.0,https://stackoverflow.com/questions/49141002,Syntactic Error,environment setup,TensorFlow,Buggy Software Version,environment setup,TensorFlow,Change Dependency Version: tf upgrade to 1.6,Dependency Documentation
174,344.0,https://stackoverflow.com/questions/49200392,Model Error,develop,TensorFlow,Buggy Software Version,environment setup,TensorFlow,Change Dependency Version: tf upgrade to 1.6.0,Unknown
175,346.0,https://stackoverflow.com/questions/49492740,Syntactic Error,develop,TensorFlow,Incompatible Software Version,environment setup,TensorFlow,"Change Dependency Version
Create Environment",Unknown
176,347.0,https://stackoverflow.com/questions/49563179,Termination,environment setup,TensorFlow,Incompatible Software Version,environment setup,cuDNN,"Change Dependency Version: cudnn upgrade to 7.0.5
Fix Path Variable
Clear Environment",Unknown
177,348.0,https://stackoverflow.com/questions/49572953,Model Error,develop,TensorFlow,Buggy Software Version,environment setup,TensorFlow,Change Dependency Version: tf downgrade to 1.4.0,Other Online Resource
178,351.0,https://stackoverflow.com/questions/50136482,Software Error and Anomaly,develop,TensorFlow,Incompatible Software Version,environment setup,TensorFlow,Change Dependency Version: tf-gpu downgrade to 1.7.0,Unknown
179,352.0,https://stackoverflow.com/questions/50407526,Syntactic Error,develop,TensorLayer,Buggy Software Version,environment setup,TensorLayer,"Change Dependency Version: unknown version change, unknown version change
Re-build Dependency",Unknown
180,353.0,https://stackoverflow.com/questions/50826366,Syntactic Error,develop,TensorFlow,Incompatible Software Version,environment setup,TensorFlow,"Reformat Data
Change Dependency Version: tf upgrade to 1.8.0",Library Source Code
181,354.0,https://stackoverflow.com/questions/50993271,Termination,environment setup,Runtime,Mismatched Hardware,environment setup,TensorFlow,Change Dependency Version: tf downgrade to 1.5.0,Unknown
182,355.0,https://stackoverflow.com/questions/51004170,Syntactic Error,environment setup,TensorFlow,Mismatched Software,environment setup,OS/Container,Switch OS,Dependency Documentation
183,360.0,https://stackoverflow.com/questions/51560617,Software Error and Anomaly,environment setup,TensorFlow,Incompatible Software Version,environment setup,cuDNN,Change Dependency Version: cudnn upgrade to 7.1.4,Library Source Code
184,362.0,https://stackoverflow.com/questions/51599488,Termination,develop,Runtime,Mismatched Hardware,environment setup,Hardware,"Change Dependency Version: unknown version change
Re-build Dependency
Switch Hardware",Dependency Documentation
185,364.0,https://stackoverflow.com/questions/51743674,Long Execution Time,unknown,TensorFlow,Incompatible Software Version,unknown,TensorFlow,Change Dependency Version: tf downgrade to 1.8,Unknown
186,367.0,https://stackoverflow.com/questions/52423501,Data Anomaly,develop,TensorFlow,Incompatible Software Version,environment setup,TensorFlow,Change Dependency Version: tf upgrade to 1.10,Unknown
187,368.0,https://stackoverflow.com/questions/52590880,Memory Anomaly,environment setup,TensorFlow,Incompatible Software Version,environment setup,cuDNN,Change Dependency Version: cudnn downgrade to 7.0.5,Unknown
188,370.0,https://stackoverflow.com/questions/53252529,Software Error and Anomaly,environment setup,TensorFlow,Incompatible Software Version,environment setup,Protocol Buffers,"Change Dependency Version: python upgrade to 3.6.6
Clear Environment",Other Online Resource
189,374.0,https://stackoverflow.com/questions/53507266,Software Error and Anomaly,develop,Keras,Incompatible Software Version,environment setup,cuDNN,Change Dependency Version: cudnn upgrade to 7.2,Dependency Documentation
190,375.0,https://stackoverflow.com/questions/53509791,Termination,develop,TensorFlow,Incompatible Software Version,environment setup,Runtime,Change Dependency Version: runtime downgrade to 1.2,Unknown
191,379.0,https://stackoverflow.com/questions/54227505,Syntactic Error,environment setup,OS/Container,Buggy Software Version,environment setup,Runtime,Change Dependency Version: unknown version change,Unknown
192,380.0,https://stackoverflow.com/questions/54316729,Long Execution Time,unknown,TensorFlow,Incompatible Software Version,unknown,Protocol Buffers,Change Dependency Version: protobuf upgrade to 3.6.1,Unknown
193,383.0,https://stackoverflow.com/questions/54476482,Software Error and Anomaly,environment setup,Other Drivers,Incompatible Software Version,environment setup,TensorFlow,Change Dependency Version: tf-gpu upgrade to 1.13.0rc0,Unknown
194,384.0,https://stackoverflow.com/questions/54499157,Software Error and Anomaly,environment setup,Sequence-to-Sequence G2P toolkit,Incompatible Software Version,environment setup,Sequence-to-Sequence G2P toolkit,Change Dependency Version: tf upgrade to 1.13.0,Unknown
195,387.0,https://stackoverflow.com/questions/54680088,Behavior Anomaly,develop,TensorFlow,Incompatible Software Version,environment setup,TensorFlow,Change Dependency Version: tf upgrade to 1.13,Dependency Documentation
196,389.0,https://stackoverflow.com/questions/55224016,Software Error and Anomaly,environment setup,TensorFlow,Incompatible Software Version,environment setup,"CUDA, cuDNN","Add Dependency: add cuda, add cudnn
Fix Path Variable",Dependency Documentation
197,390.0,https://stackoverflow.com/questions/55274655,Software Error and Anomaly,environment setup,TensorFlow,Incompatible Software Version,environment setup,TensorFlow,"Change Dependency Version: cuda upgrade to 10.0, tf downgrade to 1.12",Dependency Documentation
198,391.0,https://stackoverflow.com/questions/55300225,Syntactic Error,environment setup,TensorFlow,Incompatible Software Version,environment setup,TensorFlow,Change Dependency Version: tf downgrade to 1.1.0,Unknown
199,392.0,https://stackoverflow.com/questions/55315706,Software Error and Anomaly,develop,TensorFlow,Incompatible Software Version,environment setup,cuDNN,Change Dependency Version: cudnn upgrade to 7.5,Unknown
200,393.0,https://stackoverflow.com/questions/55433866,Software Error and Anomaly,environment setup,TensorFlow,Incompatible Software Version,environment setup,CUDA,Change Dependency Version: cuda upgrade to 10.0,Dependency Documentation
201,395.0,https://stackoverflow.com/questions/55749305,Software Error and Anomaly,environment setup,TensorFlow,Incompatible Software Version,environment setup,CUDA,Change Dependency Version: cuda downgrade to 10.0,Unknown
202,396.0,https://stackoverflow.com/questions/55834094,Software Error and Anomaly,environment setup,TensorFlow,Incompatible Software Version,environment setup,CUDA,Change Dependency Version: cuda downgrade to 10.0 pre-built binaries,Dependency Documentation
203,397.0,https://stackoverflow.com/questions/55978038,Data Anomaly,develop,TensorFlow,Incompatible Software Version,environment setup,OS/Container,"Change Dependency Version: tf-gpu downgrade to 1.13 installed
Switch OS",Unknown
204,400.0,https://stackoverflow.com/questions/56376530,Software Error and Anomaly,develop,TensorFlow,Incompatible Software Version,environment setup,"cuDNN, CUDA","Change Dependency Version: cudnn upgrade to 7.6, cudatoolkit upgrade to 10.1.168",Unknown
205,401.0,https://stackoverflow.com/questions/56419549,Software Error and Anomaly,environment setup,TensorFlow,Incompatible Software Version,environment setup,"TensorFlow, CUDA","Change Dependency Version: cuda upgrade to 10.0
Add Dependency: add cudnn>
Re-build Dependency",Dependency Documentation
206,402.0,https://stackoverflow.com/questions/56528929,Syntactic Error,develop,TensorFlow,Buggy Software Version,environment setup,Runtime,Change Dependency Version: python downgrade to 2.7,Unknown
207,405.0,https://stackoverflow.com/questions/56951853,Syntactic Error,environment setup,TensorFlow,Incompatible Software Version,environment setup,TensorFlow,Change Dependency Version: tf upgrade to 1.14,Unknown
208,410.0,https://stackoverflow.com/questions/57487026,Syntactic Error,unknown,TensorFlow,Incompatible Software Version,unknown,TensorFlow,Change Dependency Version: tf upgrade to 2.0,Unknown
209,415.0,https://stackoverflow.com/questions/57858219,Syntactic Error,develop,TensorFlow,Incompatible Software Version,environment setup,TensorFlow,Fix API Usage,Library Source Code
210,416.0,https://stackoverflow.com/questions/57879330,Syntactic Error,deployment,TensorFlow,Incompatible Software Version,deployment,TensorFlow,Change Dependency Version: tf upgrade to 2.0.0,Dependency Documentation
211,417.0,https://stackoverflow.com/questions/57948195,Software Error and Anomaly,environment setup,NumPy,Incompatible Software Version,environment setup,CUDA,Change Dependency Version: cuda downgrade to 10.0,Dependency Documentation
212,418.0,https://stackoverflow.com/questions/58024781,Syntactic Error,unknown,TensorFlow,Incompatible Software Version,unknown,TensorFlow,Change Dependency Version: tf.js upgrade to 0.5.6,Dependency Documentation
213,423.0,https://stackoverflow.com/questions/58314215,Syntactic Error,unknown,TensorFlow,Incompatible Software Version,unknown,TensorFlow,Change Dependency Version: tf downgrade to 1.15,Unknown
214,424.0,https://stackoverflow.com/questions/58359153,Termination,maintenance,TensorFlow,Incompatible Software Version,maintenance,CUDA,"Change Dependency Version: cuda upgrade to 7.6.2
Change Dependency Configuration",Unknown
215,426.0,https://stackoverflow.com/questions/58421343,Hardware Error/Anomaly,develop,TensorFlow,Incompatible Software Version,environment setup,CUDA,Change Dependency Version: cuda downgrade to 10.0,Unknown
216,427.0,https://stackoverflow.com/questions/58516634,Syntactic Error,deployment,TensorFlow Lite,Incompatible Software Version,deployment,TensorFlow,"Fix API Usage
Change Dependency Version: tf downgrade to 1.15",Library Source Code
217,428.0,https://stackoverflow.com/questions/58610020,Data Anomaly,develop,TensorFlow,Mismatched Software,environment setup,CUDA,"Change Dependency Version: cuda upgrade to 10.1
Re-build Dependency","Dependency Documentation, Dependency Documentation"
218,429.0,https://stackoverflow.com/questions/58685214,Syntactic Error,develop,TensorFlow,Incompatible Software Version,environment setup,TensorFlow,Fix API Usage,Dependency Documentation
219,430.0,https://stackoverflow.com/questions/58826512,Behavior Anomaly,develop,TensorFlow,Unsuccessful Installation,environment setup,Keras,Add Dependency: add keras,Unknown
220,432.0,https://stackoverflow.com/questions/58864377,Syntactic Error,deployment,TensorFlow,Incompatible Software Version,deployment,TensorFlow,Change Dependency Version: tf downgrade to 1.14,Dependency Documentation
221,434.0,https://stackoverflow.com/questions/59015359,Software Error and Anomaly,develop,TensorFlow,Incompatible Software Version,environment setup,"TensorFlow, CUDA, cuDNN, Other Drivers","Change Dependency Version: driver upgrade to 441, cudnn upgrade to 7.6, cuda downgrade to 10.0",Unknown
222,440.0,https://stackoverflow.com/questions/60104249,Syntactic Error,develop,TensorFlow,Incompatible Software Version,environment setup,TensorFlow,Change Dependency Version: tf upgrade to 1.15,Dependency Documentation
223,441.0,https://stackoverflow.com/questions/60104868,Software Error and Anomaly,develop,TensorFlow,Incompatible Software Version,environment setup,"TensorFlow, CUDA, cuDNN, Runtime","Change Dependency Version: cuda upgrade to 10.1
Add Dependency: add compiler",Unknown
224,443.0,https://stackoverflow.com/questions/60429978,Syntactic Error,unknown,Application,Incompatible Software Version,unknown,TensorFlow,"Fix API Usage
Change Dependency Version
Add Dependency: add tf",Dependency Documentation
225,444.0,https://stackoverflow.com/questions/60498674,Syntactic Error,develop,TensorFlow,Incompatible Software Version,environment setup,TensorFlow,Change Dependency Version: tf upgrade to 2.1.0,Unknown
226,445.0,https://stackoverflow.com/questions/60739251,Syntactic Error,develop,TensorFlow,Incompatible Software Version,environment setup,TensorFlow,Fix API Usage,Library Source Code
227,447.0,https://stackoverflow.com/questions/60917467,Syntactic Error,unknown,TensorFlow,Incompatible Software Version,unknown,libhdf5,Change Dependency Version: hdf5 upgrade to 1.10.5,Unknown
228,448.0,https://stackoverflow.com/questions/60969134,Software Error and Anomaly,develop,TensorFlow,Mismatched Hardware,environment setup,Hardware,Change Dependency Version: unknown version change,Dependency Documentation
229,449.0,https://stackoverflow.com/questions/61066142,Syntactic Error,develop,TensorFlow,Incompatible Software Version,environment setup,TensorFlow,"Fix API Usage
Change Dependency Version: tf downgrade to 1.15.2",Unknown
230,450.0,https://stackoverflow.com/questions/61283657,Syntactic Error,environment setup,TensorFlow,Incompatible Software Version,environment setup,TensorFlow,Change Dependency Version: tf downgrade to 1.8,Unknown
231,452.0,https://stackoverflow.com/questions/61687925,Software Error and Anomaly,develop,TensorFlow,Incompatible Software Version,environment setup,Other Drivers,"Change Dependency Version: image driver downgrade to 431.86
Clear Environment",Unknown
232,453.0,https://stackoverflow.com/questions/62011738,Software Error and Anomaly,develop,TensorFlow,Incompatible Software Version,environment setup,TensorFlow,"Fix API Usage
Change Dependency Version: tf-gpu upgrade to 1.15.0, tf-gpu downgrade to 1.8.0",Unknown
233,458.0,https://stackoverflow.com/questions/62740666,Hardware Error/Anomaly,develop,TensorFlow,Incompatible Software Version,environment setup,"cuDNN, CUDA",Change Dependency Version: cuda downgrade to 10.1,Dependency Documentation
234,459.0,https://stackoverflow.com/questions/63151525,Syntactic Error,develop,Keras,Incompatible Software Version,environment setup,Keras,Change Dependency Version: tf downgrade to 2.2.0,Other Online Resource
235,460.0,https://stackoverflow.com/questions/63240027,Hardware Error/Anomaly,develop,TensorFlow,Unsuccessful Installation,environment setup,cuDNN,Add Dependency: add cudnn,Unknown
236,461.0,https://stackoverflow.com/questions/63258022,Hardware Error/Anomaly,develop,TensorFlow,Incompatible Software Version,environment setup,Runtime,"Change Dependency Version: python downgrade to 3.7, tf downgrade to 2.1.0",Other Online Resource
237,462.0,https://stackoverflow.com/questions/63656778,Syntactic Error,unknown,TensorFlow,Incompatible Software Version,unknown,TensorFlow,Change Dependency Version: tf downgrade to 2.1.1,Library Source Code
238,465.0,https://stackoverflow.com/questions/64300278,Syntactic Error,environment setup,TensorFlow,Incompatible Software Version,environment setup,TensorFlow,"Change Dependency Version: python downgrade to 3.7, tf downgrade to 1.15",Other Online Resource
239,466.0,https://stackoverflow.com/questions/64354164,Software Error and Anomaly,develop,TensorFlow,Incompatible Software Version,environment setup,cuDNN,Change Dependency Version: cudnn downgrade to 7.6,Dependency Documentation
240,469.0,https://stackoverflow.com/questions/64829111,Long Execution Time,develop,TensorFlow,Incompatible Software Version,environment setup,TensorFlow,"Change Dependency Version: cuda downgrade to 11.0
Fix Path Variable",Unknown
241,473.0,https://stackoverflow.com/questions/65524505,Software Error and Anomaly,develop,CUDA,Unsuccessful Installation,environment setup,"TensorFlow, CUDA, cuDNN","Add Dependency: add driver, add tf, add cuda, add cudnn
Fix Path Variable
Clear Environment",Unknown
242,475.0,https://stackoverflow.com/questions/65569050,Syntactic Error,develop,KerasTuner,Incompatible Software Version,environment setup,TensorFlow,Change Dependency Version: tf upgrade to 2.3,Library Source Code
243,476.0,https://stackoverflow.com/questions/65902382,Model Error,environment setup,TensorFlow,Incompatible Software Version,environment setup,"TensorFlow, CUDA, cuDNN","Change Dependency Version: cudnn upgrade to 8.1.0.77, tf upgrade to 2.5-nightly",Unknown
244,477.0,https://stackoverflow.com/questions/66207609,Model Error,develop,TensorFlow,Incompatible Software Version,environment setup,NumPy,Change Dependency Version: numpy downgrade to 1.18.5,Unknown
245,478.0,https://stackoverflow.com/questions/66292704,Syntactic Error,environment setup,Keras,Incompatible Software Version,environment setup,TensorFlow,Fix API Usage,Library Source Code
246,479.0,https://stackoverflow.com/questions/66351437,Model Error,develop,TensorFlow,Incompatible Software Version,environment setup,TensorFlow,Change Dependency Version: tf-nightly upgrade to 2.5,Unknown
247,480.0,https://stackoverflow.com/questions/67020931,Hardware Error/Anomaly,environment setup,TensorFlow,Mismatched Hardware,environment setup,Hardware,Switch Hardware,Unknown
248,483.0,https://stackoverflow.com/questions/67416085,Software Error and Anomaly,develop,TensorFlow,Incompatible Software Version,environment setup,"TensorFlow, CUDA, cuDNN","Change Dependency Version: cuda upgrade to 11.0.x
Clear Environment",Dependency Documentation
249,484.0,https://stackoverflow.com/questions/67507110,Syntactic Error,unknown,TensorFlow,Incompatible Software Version,unknown,"TensorFlow.js models, TensorFlow.js, TensorFlow.js",Change Dependency Version: tf/tfjs downgrade to 3.0.0,Other Online Resource
250,486.0,https://stackoverflow.com/questions/68904563,Syntactic Error,maintenance,TensorFlow,Incompatible Software Version,maintenance,TensorFlow,Fix API Usage,Library Source Code
251,488.0,https://stackoverflow.com/questions/68936716,Syntactic Error,develop,Application,Incompatible Software Version,environment setup,TensorFlow,Change Dependency Version: tf upgrade to 2.6.0,Unknown
252,490.0,https://stackoverflow.com/questions/35063068,Data Anomaly,develop,Eclipse Deeplearning4J,Incompatible Software Version,environment setup,Eclipse Deeplearning4J,"Change Dependency Version: dl4j upgrade to 0.4-rc3.8, nd4j upgrade to 0.4-rc3.8, canova upgrade to 0.0.0.14",Unknown
253,491.0,https://stackoverflow.com/questions/45897616,Syntactic Error,develop,Runtime,Incompatible Software Version,environment setup,Eclipse Deeplearning4J,Change Dependency Version: dl4j downgrade to 0.8.0,Unknown
254,494.0,https://stackoverflow.com/questions/55524839,Software Error and Anomaly,develop,cuDNN,Incompatible Software Version,environment setup,cuDNN,Change Dependency Version: cudnn upgrade to 7.4,Unknown
255,495.0,https://stackoverflow.com/questions/60144922,Software Error and Anomaly,develop,PyTorch,Incompatible Software Version,environment setup,cuDNN,Change Dependency Version: cudnn downgrade to 7.1.2,Unknown
256,498.0,https://stackoverflow.com/questions/45666333,Software Error and Anomaly,develop,Microsoft Cognitive Toolkit,Buggy Software Version,environment setup,Microsoft Cognitive Toolkit,Change Dependency Version: cntk upgrade to 2.2,Unknown
257,500.0,https://stackoverflow.com/questions/50086577,Syntactic Error,develop,PyTorch,Incompatible Software Version,environment setup,PyTorch,Change Dependency Version: torch upgrade to 0.4.0,Library Source Code
258,502.0,https://stackoverflow.com/questions/53693999,Syntactic Error,environment setup,PyTorch,Incompatible Software Version,environment setup,PyTorch,Change Dependency Version: torch upgrade to 1.0.0,Library Source Code
259,506.0,https://stackoverflow.com/questions/57388643,Warning,deployment,PyTorch,Incompatible Software Version,deployment,PyTorch,Change Dependency Version: torch upgrade to 1.0,Unknown
260,507.0,https://stackoverflow.com/questions/58194148,Syntactic Error,develop,PyTorch,Incompatible Software Version,environment setup,PyTorch,Change Dependency Version: torch upgrade to 1.5.0,Other Online Resource
261,509.0,https://stackoverflow.com/questions/59493606,Syntactic Error,develop,NumPy,Incompatible Software Version,environment setup,NumPy,Change Dependency Version: numpy downgrade to 1.17.4,Unknown
262,512.0,https://stackoverflow.com/questions/62538079,Syntactic Error,environment setup,Transformers,Incompatible Software Version,environment setup,Transformers,Create Environment,Dependency Documentation
263,513.0,https://stackoverflow.com/questions/63256567,Syntactic Error,develop,PyTorch,Incompatible Software Version,environment setup,PyTorch,Change Dependency Version: torch upgrade to 1.6,Unknown
264,514.0,https://stackoverflow.com/questions/63406621,Syntactic Error,develop,Application,Incompatible Software Version,environment setup,PyTorch,Change Dependency Version: torch upgrade to 1.6.0,Unknown
265,515.0,https://stackoverflow.com/questions/63870162,Behavior Anomaly,develop,PyTorch,Buggy Software Version,environment setup,PyTorch,Change Dependency Version: torch upgrade to 1.7,Unknown
266,517.0,https://stackoverflow.com/questions/65543178,Syntactic Error,maintenance,fairseq_cli,Mismatched Software,maintenance,Runtime,"Change Dependency Version: python downgrade to 3.7.9
Clear Environment",Unknown
267,518.0,https://stackoverflow.com/questions/65582498,Termination,environment setup,PyTorch,Incompatible Software Version,environment setup,PyTorch,Change Dependency Version: torch upgrade to 1.6,Other Online Resource
268,519.0,https://stackoverflow.com/questions/66567324,Software Error and Anomaly,develop,PyTorch,Incompatible Software Version,environment setup,PyTorch,Change Dependency Version: torch downgrade to 1.7.1,Other Online Resource
269,520.0,https://stackoverflow.com/questions/66600362,Software Error and Anomaly,maintenance,PyTorch,Incompatible Software Version,maintenance,CUDA,Change Dependency Version: cuda upgrade to 11.2,Dependency Documentation
270,521.0,https://stackoverflow.com/questions/66701442,Software Error and Anomaly,develop,PyTorch,Incompatible Software Version,environment setup,CUDA,"Change Dependency Version
Add Dependency: add cuda, add torchvision, add torchaudio",Unknown
271,522.0,https://stackoverflow.com/questions/68275411,Syntactic Error,environment setup,torchvision,Incompatible Software Version,environment setup,torchvision,Change Dependency Version: torchvision upgrade to 1.0.0/0.9.0,Library Source Code
272,524.0,https://stackoverflow.com/questions/68694047,Syntactic Error,develop,PyTorch Lightning,Buggy Software Version,environment setup,pandas,Change Dependency Version: pandas downgrade to 1.2.5,Issue Tracker
273,525.0,https://stackoverflow.com/questions/69773687,Syntactic Error,develop,PyTorch,Incompatible Software Version,environment setup,Transformers,Change Dependency Version: transformers downgrade to 4.10.0,Unknown
274,526.0,https://stackoverflow.com/questions/45763715,Software Error and Anomaly,environment setup,TensorFlow,Incompatible Software Version,environment setup,TensorFlow,Change Dependency Version: cudnn upgrade to cudnn64_6.dll,Unknown
275,530.0,https://stackoverflow.com/questions/65053590,Behavior Anomaly,develop,TensorFlow,Incompatible Software Version,environment setup,TensorFlow,Change Hyper-Parameter,Unknown
276,532.0,https://stackoverflow.com/questions/65740177,Syntactic Error,develop,TensorFlow,Incompatible Software Version,environment setup,TensorFlow.js,Change Dependency Version: tf/tfjs downgrade to 1.3.1,Unknown
277,535.0,https://stackoverflow.com/questions/55585079,Model Error,develop,TensorFlow,Incompatible Software Version,environment setup,TensorFlow,Fix API Usage,Dependency Documentation
278,538.0,https://stackoverflow.com/questions/61483632,Software Error and Anomaly,environment setup,TensorFlow,Incompatible Software Version,environment setup,"CUDA, TensorFlow, Runtime, cuDNN",Change Dependency Version: cudnn upgrade to 7.6.5.32,Dependency Documentation
279,539.0,https://stackoverflow.com/questions/61991026,Hardware Error/Anomaly,environment setup,CUDA,Incompatible Software Version,environment setup,CUDA,"Change Dependency Version: cuda downgrade to cuda_10.1.243_win10_network.exe
Add Dependency: add cudnn
Clear Environment",Unknown
280,540.0,https://stackoverflow.com/questions/62143530,Data Anomaly,develop,TensorFlow Datasets,Incompatible Software Version,environment setup,TensorFlow Datasets,Change Dependency Version: tf-datasets downgrade to 2.1,Unknown
281,542.0,https://stackoverflow.com/questions/65300388,Long Execution Time,develop,TensorFlow,Incompatible Software Version,environment setup,TensorFlow,"Change Dependency Version: tf upgrade to 2.4, cuda upgrade to 11.0, cudnn upgrade to 8",Dependency Documentation
282,543.0,https://stackoverflow.com/questions/67045622,Software Error and Anomaly,develop,TensorFlow,Disabled OS Privilege,environment setup,Other Drivers,"Add Dependency: add nvidia-container-toolkit
Change Dependency Configuration
Switch OS
Clear Environment",Unknown
283,547.0,https://stackoverflow.com/questions/63910112,Software Error and Anomaly,develop,cuDNN,Incompatible Software Version,environment setup,"TensorFlow, Hardware","Change Dependency Version: tf-gpu upgrade to 2.3.0, tf-gpu upgrade to 2.4.0-rc1, cuda upgrade to 11, cudnn downgrade to 7.6, cudnn downgrade to  8.0.2",Dependency Documentation
284,550.0,https://stackoverflow.com/questions/69694277,Syntactic Error,develop,spaCy,Incompatible Software Version,environment setup,spaCy,Re-build Dependency,Library Source Code
285,553.0,https://stackoverflow.com/questions/69877628,Syntactic Error,develop,pandas,Incompatible Software Version,environment setup,pandas,Change Dependency Version: numpy downgrade to 1.19.2,Unknown
286,1001.0,https://stackoverflow.com/questions/53302958,Termination,develop,TensorFlow,Mismatched Software,environment setup,TensorFlow,Re-build Dependency,Dependency Documentation
287,1002.0,https://stackoverflow.com/questions/45307072,Syntactic Error,develop,TensorFlow,Incompatible Software Version,environment setup,TensorFlow,Change Dependency Version: tf upgrade to 1.4,Unknown
288,1003.0,https://stackoverflow.com/questions/52653497,Syntactic Error,develop,TensorFlow,Incompatible Software Version,environment setup,Runtime,Fix API Usage,Unknown
289,1004.0,https://stackoverflow.com/questions/64615458,Syntactic Error,develop,OS/Container,Buggy Software Version,environment setup,TensorFlow,Change Dependency Version: tf downgrade to 2.2.0,Unknown
290,1006.0,https://stackoverflow.com/questions/61850232,Syntactic Error,unknown,OS/Container,Incompatible Software Version,unknown,"TensorFlow, Keras","Change Dependency Version: tf downgrade to 1.14.0, keras downgrade to 2.3.1",Unknown
291,1008.0,https://stackoverflow.com/questions/46168965,Syntactic Error,develop,Eclipse Deeplearning4J,Incompatible Software Version,environment setup,"Eclipse Deeplearning4J, Runtime, DataVec, ND4J",Change Dependency Version: scala downgrade to 2.11,Unknown
292,1012.0,https://stackoverflow.com/questions/66099634,Syntactic Error,develop,TensorFlow,Incompatible Software Version,environment setup,TensorFlow,Fix API Usage,Unknown
293,1018.0,https://stackoverflow.com/questions/41539658,Syntactic Error,develop,TensorFlow,Incompatible Software Version,environment setup,TensorFlow,Fix API Usage,"Dependency Documentation, Dependency Documentation"
294,1020.0,https://stackoverflow.com/questions/39815518,Syntactic Error,develop,Keras,Incompatible Software Version,environment setup,Keras,Fix API Usage,"Dependency Documentation, Dependency Documentation, Issue Tracker"
295,1021.0,https://stackoverflow.com/questions/55758239,Syntactic Error,maintenance,TensorFlow,Incompatible Software Version,maintenance,TensorFlow,Fix API Usage,Library Source Code
296,1023.0,https://stackoverflow.com/questions/60297908,Syntactic Error,develop,Transformers,Incompatible Software Version,environment setup,Transformers,Change Dependency Version: transformers upgrade to 2.2.0,"Library Source Code, Library Source Code"
297,1025.0,https://stackoverflow.com/questions/2603305,Syntactic Error,develop,ai4r gem,Buggy Software Version,environment setup,ai4r gem,Change Dependency Version: ai4r gem downgrade to 1.10,Unknown
298,1029.0,https://stackoverflow.com/questions/44327803,Memory Anomaly,develop,Hardware,Buggy Software Version,environment setup,TensorFlow,Change Dependency Version: tf upgrade to 0.12,Unknown
299,1030.0,https://stackoverflow.com/questions/47205248,Syntactic Error,develop,TensorFlow,Incompatible Software Version,environment setup,TensorFlow,Change Dependency Version: tf upgrade to 1.0,Unknown
300,1031.0,https://stackoverflow.com/questions/64401570,Syntactic Error,develop,SHAP,Incompatible Software Version,environment setup,"TensorFlow, SHAP",Change Dependency Version: tf downgrade to 1.15,"Issue Tracker, Issue Tracker"
301,1034.0,https://stackoverflow.com/questions/69267258,Software Error and Anomaly,develop,TensorFlow,Incompatible Software Version,environment setup,TensorFlow,Change Dependency Version: tf upgrade to 2.6,Dependency Documentation
302,1035.0,https://stackoverflow.com/questions/60523574,Syntactic Error,develop,Application,Incompatible Software Version,environment setup,TensorFlow,Change Dependency Version: tf upgrade to 2.1,Unknown
303,1036.0,https://stackoverflow.com/questions/53227954,Syntactic Error,environment setup,TensorFlow,Incompatible Software Version,environment setup,Runtime,Change Dependency Version: python downgrade to 3.5,Unknown
304,1039.0,https://stackoverflow.com/questions/60190365,Model Error,develop,OS/Container,Incompatible Software Version,environment setup,OS/Container,Fix API Usage,Dependency Documentation
305,1043.0,https://stackoverflow.com/questions/66731194,Model Error,develop,TensorFlow,Buggy Software Version,environment setup,TensorFlow,"Fix API Usage
Change Dependency Version: tf upgrade to 2.5.0-dev20210325",Unknown
306,1044.0,https://stackoverflow.com/questions/39320675,Syntactic Error,develop,Theano,Incompatible Software Version,environment setup,Theano,"Fix API Usage
Change Dependency Version: theano upgrade to 0.8.0","Library Source Code, Library Source Code, Library Source Code, Library Source Code"
307,1045.0,https://stackoverflow.com/questions/40025013,Model Error,develop,Theano,Incompatible Software Version,environment setup,Keras,Change Dependency Version: keras upgrade to 1.0.2,Issue Tracker
308,1046.0,https://stackoverflow.com/questions/41847376,Syntactic Error,develop,Keras,Incompatible Software Version,environment setup,OS/Container,Fix API Usage,Unknown
309,1049.0,https://stackoverflow.com/questions/49196586,Model Error,unknown,TensorFlow,Incompatible Software Version,unknown,Keras,Change Dependency Version: keras upgrade to 2.2.4,Unknown
310,1058.0,https://stackoverflow.com/questions/45456116,Syntactic Error,maintenance,TensorFlow,Incompatible Software Version,maintenance,TensorFlow,Fix API Usage,Library Source Code
311,1060.0,https://stackoverflow.com/questions/50026995,Termination,environment setup,TensorFlow,Buggy Software Version,environment setup,TensorFlow,Change Dependency Version: tf downgrade to 1.6,Issue Tracker
312,1061.0,https://stackoverflow.com/questions/51241520,Syntactic Error,develop,Application,Incompatible Software Version,environment setup,TensorFlow,Change Dependency Version: unknown version change,"Library Source Code, Library Source Code"
313,1062.0,https://stackoverflow.com/questions/52041077,Software Error and Anomaly,develop,TensorFlow,Mismatched Software,environment setup,OS/Container,Switch OS,Unknown
314,1063.0,https://stackoverflow.com/questions/53429231,Software Error and Anomaly,develop,OS/Container,Incompatible Software Version,environment setup,Runtime,Change Dependency Version: runtime upgrade to 1.9,"Dependency Documentation, Dependency Documentation"
315,1065.0,https://stackoverflow.com/questions/58852262,Syntactic Error,develop,TensorFlow,Incompatible Software Version,environment setup,TensorFlow,"Fix API Usage
Change Dependency Version: tf downgrade to 1.x",Dependency Documentation
316,1067.0,https://stackoverflow.com/questions/59123018,Syntactic Error,deployment,TensorFlow,Incompatible Software Version,deployment,TensorFlow,Fix API Usage,Library Source Code
317,1069.0,https://stackoverflow.com/questions/62600863,Syntactic Error,unknown,Runtime,Incompatible Software Version,unknown,TensorFlow Lite,Change Dependency Version: unknown version change,Unknown
318,1072.0,https://stackoverflow.com/questions/55145561,Data Anomaly,develop,PyTorch,Incompatible Software Version,environment setup,PyTorch,Reformat Data,Library Source Code
319,1073.0,https://stackoverflow.com/questions/55990271,Syntactic Error,develop,PyTorch,Incompatible Software Version,environment setup,PyTorch,Change Dependency Version: torch upgrade to 0.4.1,Library Source Code
320,1076.0,https://stackoverflow.com/questions/56655709,Syntactic Error,develop,TensorFlow,Incompatible Software Version,environment setup,TensorFlow,Change Dependency Version: tf downgrade to 1.14,Unknown
321,1078.0,https://stackoverflow.com/questions/59913977,Behavior Anomaly,maintenance,TensorFlow,Incompatible Software Version,maintenance,TensorFlow,Change Hyper-Parameter,"Dependency Documentation, Dependency Documentation"
322,1082.0,https://stackoverflow.com/questions/62986313,Behavior Anomaly,maintenance,Keras,Incompatible Software Version,maintenance,"TensorFlow, Keras",Change Hyper-Parameter,Library Source Code
323,1083.0,https://stackoverflow.com/questions/44212828,Syntactic Error,environment setup,TensorFlow,Incompatible Software Version,environment setup,cuDNN,Change Dependency Version: cudnn downgrade to 5.1,Unknown
324,1084.0,https://stackoverflow.com/questions/44354694,Software Error and Anomaly,develop,TensorFlow,Disabled OS Privilege,environment setup,OS/Container,Change Dependency Configuration,Other Online Resource
325,1085.0,https://stackoverflow.com/questions/55000285,Syntactic Error,environment setup,Other Drivers,Incompatible Software Version,environment setup,TensorFlow,Change Dependency Version,Unknown
326,1100.0,https://github.com/davisking/dlib/issues/1094,Syntactic Error,environment setup,dlib,Unsuccessful Installation,environment setup,cuDNN,Fix Path Variable,Unknown
327,1101.0,https://github.com/tensorflow/tensorflow/issues/2915,Syntactic Error,environment setup,TensorFlow,Unsuccessful Installation,environment setup,cuDNN,Fix Path Variable,Unknown
328,1102.0,https://github.com/tensorflow/tensorflow/issues/6055,Syntactic Error,environment setup,TensorFlow,Unsuccessful Installation,environment setup,Runtime,Add Dependency: add microsoft visual c++,Unknown
329,1103.0,https://github.com/pytorch/pytorch/issues/8588,Syntactic Error,environment setup,Caffe,Incompatible Software Version,environment setup,CUDA,Change Dependency Version: cuda upgrade to 8,Unknown
330,1104.0,https://github.com/tensorflow/tensorflow/issues/23983,Software Error and Anomaly,environment setup,TensorFlow,Incompatible Software Version,environment setup,"CUDA, cuDNN","Add Dependency: add cuda, add cudnn, add python, add tensorflow
Create Environment",Dependency Documentation
331,1105.0,https://github.com/tensorflow/tensorflow/issues/13965,Termination,environment setup,TensorFlow,Unsuccessful Installation,environment setup,swig,Add Dependency: add swig,Unknown
332,1106.0,https://github.com/pytorch/pytorch/issues/757,Syntactic Error,environment setup,PyTorch,Buggy Software Version,environment setup,CUDA,Change Dependency Version: cuda upgrade to 8.0.44,Unknown
333,1107.0,https://github.com/apple/coremltools/issues/1210,Termination,environment setup,coremltools,Incompatible Software Version,environment setup,Runtime,Change Dependency Version: unknown version change,Unknown
334,1108.0,https://github.com/tensorflow/tensorflow/issues/4984,Syntactic Error,environment setup,TensorFlow,Incompatible Software Version,environment setup,Runtime,Switch OS,Unknown
335,1109.0,https://github.com/tensorflow/tensorflow/issues/38336,Syntactic Error,environment setup,TensorFlow Lite,Mismatched Software,environment setup,Runtime,Switch Software,Unknown
336,1110.0,https://github.com/keras-team/keras/issues/10100,Long Execution Time,environment setup,TensorFlow,Incompatible Software Version,environment setup,TensorFlow,Change Dependency Version: tf downgrade to 1.7,Unknown
337,1112.0,https://github.com/tensorflow/tensorflow/issues/18503,Software Error and Anomaly,environment setup,TensorFlow,Mismatched Hardware,environment setup,Hardware,Change Dependency Version: tf downgrade to 1.5,Unknown
338,1113.0,https://github.com/tensorflow/tensorflow/issues/9066,Syntactic Error,environment setup,TensorFlow,Unsuccessful Installation,environment setup,cuDNN,Fix Path Variable,Unknown
339,1114.0,https://github.com/tensorflow/tensorflow/issues/18850,Warning,environment setup,TensorFlow,Incompatible Software Version,environment setup,OS/Container,Switch OS,Unknown
340,1115.0,https://github.com/tensorflow/tensorflow/issues/23653,Software Error and Anomaly,environment setup,TensorFlow,Unsuccessful Installation,environment setup,Airflow,Add Dependency: add airflow,Other Online Resource
341,1116.0,https://github.com/pytorch/pytorch/issues/6650,Syntactic Error,environment setup,PyTorch,Buggy Software Version,environment setup,PyTorch,Re-build Dependency,Unknown
342,1117.0,https://github.com/tensorflow/tensorflow/issues/43947,Software Error and Anomaly,environment setup,TensorFlow,Incompatible Software Version,environment setup,CUDA,Change Dependency Version: cuda downgrade to 11.0,Unknown
343,1118.0,https://github.com/tensorflow/tensorflow/issues/32629,Syntactic Error,develop,tflite_runtime,Incompatible Software Version,environment setup,tflite_runtime,Change Dependency Version: tflite_runtime upgrade to 2.1.0-cp37-cp37m,Unknown
344,1119.0,https://github.com/tensorflow/tensorflow/issues/7243,Termination,develop,TensorFlow,Mismatched Software,environment setup,OS/Container,Re-build Dependency,Unknown
345,1120.0,https://github.com/apache/incubator-mxnet/issues/17837,Termination,develop,Runtime,Buggy Software Version,environment setup,OS/Container,Clear Environment,Unknown
346,1121.0,https://github.com/tensorflow/tensorflow/issues/27997,Software Error and Anomaly,environment setup,TensorFlow,Incompatible Software Version,environment setup,Runtime,Change Dependency Version: python downgrade to 3.6,"Dependency Documentation, Unknown"
347,1122.0,https://github.com/BVLC/caffe/issues/4797,Syntactic Error,environment setup,Caffe,Mismatched Software,environment setup,Runtime,Switch Software,Unknown
348,1124.0,https://github.com/tensorflow/tensorflow/issues/43785,Hardware Error/Anomaly,develop,TensorFlow,Incompatible Software Version,environment setup,cuDNN,Change Dependency Version: cudnn downgrade to 7.6.5,Dependency Documentation
349,1125.0,https://github.com/pytorch/pytorch/issues/21154,Syntactic Error,develop,PyTorch,Incompatible Software Version,environment setup,PyTorch,Add Dependency: add torch,Unknown
350,1126.0,https://github.com/apache/incubator-mxnet/issues/7142,Software Error and Anomaly,environment setup,mxnet,Unsuccessful Installation,environment setup,NNPACK,Fix Path Variable,Unknown
351,1127.0,https://github.com/Theano/Theano/issues/4416,Syntactic Error,environment setup,cuDNN,Unsuccessful Installation,environment setup,CUDA,Fix Path Variable,Unknown
352,1128.0,https://github.com/davisking/dlib/issues/475,Software Error and Anomaly,environment setup,dlib,Incompatible Software Version,environment setup,dlib,Change Dependency Version: unknown version change,Unknown
353,1129.0,https://github.com/pytorch/pytorch/issues/46205,Software Error and Anomaly,environment setup,PyTorch,Incompatible Software Version,environment setup,Runtime,Change Dependency Version: python upgrade to 3.8.6,Unknown
354,1132.0,https://github.com/tensorflow/tensorflow/issues/28232,Syntactic Error,develop,TensorFlow,Incompatible Software Version,environment setup,TensorFlow,Add Missing Code Logic,Unknown
355,1133.0,https://github.com/tensorflow/tensorflow/issues/15059,Syntactic Error,environment setup,TensorFlow,Unsuccessful Installation,environment setup,CUDA,Fix Path Variable,Library Source Code
356,1134.0,https://github.com/tensorflow/tensorflow/issues/3580,Syntactic Error,develop,Runtime,Incompatible Software Version,environment setup,Protocol Buffers,Change Dependency Version: protobuf upgrade to 3.0.0a3,Unknown
357,1135.0,https://github.com/tensorflow/tensorflow/issues/19216,Syntactic Error,environment setup,TensorFlow,Incompatible Software Version,environment setup,TensorFlow,Change Dependency Version: tf downgrade to 1.5.0,Unknown
358,1136.0,https://github.com/microsoft/CNTK/issues/2841,Termination,develop,Microsoft Cognitive Toolkit,Unsuccessful Installation,environment setup,"Intel Math Kernel Library, CUDA, OpenCV","Add Dependency: add mkl, add cuda, add opencv embedded","Dependency Documentation, Unknown"
359,1137.0,https://github.com/pytorch/pytorch/issues/11632,Syntactic Error,environment setup,Caffe,Unsuccessful Installation,environment setup,"Protocol Buffers, future","Add Dependency: add protobuf, add future",Unknown
360,1138.0,https://github.com/tensorflow/tensorflow/issues/2903,Software Error and Anomaly,environment setup,Protocol Buffers,Incompatible Software Version,environment setup,Protocol Buffers,"Change Dependency Version: protobuf upgrade to 3.0.0-beta-3.2, libprotobuf-lite.so downgrade to 9
Re-build Dependency",Unknown
361,1139.0,https://github.com/microsoft/CNTK/issues/2729,Software Error and Anomaly,environment setup,Microsoft Cognitive Toolkit,Unsuccessful Installation,environment setup,OS/Container,Add Dependency: add fix path----set path,Unknown
362,1142.0,https://github.com/tensorflow/tensorflow/issues/21802,Syntactic Error,environment setup,nccl,Incompatible Software Version,environment setup,nccl,Change Dependency Version: nccl downgrade to 1.3.5,Unknown
363,1143.0,https://github.com/tensorflow/tensorflow/issues/36294,Software Error and Anomaly,environment setup,TensorFlow,Incompatible Software Version,environment setup,CUDA,Change Dependency Version: cuda downgrade to 10.1,Unknown
364,1144.0,https://github.com/pytorch/pytorch/issues/35156,Software Error and Anomaly,environment setup,PyTorch,Incompatible Software Version,environment setup,"CUDA, cuDNN","Change Dependency Version: cuda upgrade to 10, cudnn upgrade to 7.4",Unknown
365,1145.0,https://github.com/tensorflow/tensorflow/issues/17033,Syntactic Error,environment setup,TensorFlow,Unsuccessful Installation,environment setup,cuDNN,Change Dependency Configuration,Unknown
366,1146.0,https://github.com/clab/dynet/issues/992,Syntactic Error,environment setup,dynet,Unsuccessful Installation,environment setup,"Runtime, OS/Container",Change Dependency Version,Unknown
367,1147.0,https://github.com/microsoft/CNTK/issues/2400,Software Error and Anomaly,environment setup,Microsoft Cognitive Toolkit,Unsuccessful Installation,environment setup,"libopencv-dev, OpenCV","Add Dependency: add libopencv-dev, add python-opencv",Unknown
368,1148.0,https://github.com/BVLC/caffe/issues/4555,Termination,environment setup,Runtime,Mismatched Software,environment setup,Runtime,Switch Software,Unknown
369,1149.0,https://github.com/tensorflow/tensorflow/issues/31678,Syntactic Error,environment setup,TensorFlow,Unsuccessful Installation,environment setup,VCRuntimeDLL,Add Dependency: add vc_redist,Unknown
370,1150.0,https://github.com/apache/incubator-mxnet/issues/4685,Software Error and Anomaly,environment setup,mxnet,Incompatible Software Version,environment setup,OS/Container,Change Dependency Version: ubuntu upgrade to 17.04 64bits,Unknown
371,1151.0,https://github.com/tensorflow/tensorflow/issues/40890,Software Error and Anomaly,environment setup,OS/Container,Mismatched Software,environment setup,Runtime,Add Dependency: add python,Unknown
372,1153.0,https://github.com/tensorflow/tensorflow/issues/33002,Software Error and Anomaly,maintenance,TensorFlow,Unsuccessful Installation,environment setup,CUDA,Fix Path Variable,Unknown
373,1155.0,https://github.com/tensorflow/tensorflow/issues/134,Syntactic Error,environment setup,Runtime,Incompatible Software Version,environment setup,pip,Change Dependency Version: unknown version change,Unknown
374,1157.0,https://github.com/scikit-learn/scikit-learn/issues/23474,Syntactic Error,environment setup,scikit-learn,Incompatible Software Version,environment setup,"Runtime, scikit-learn","Change Dependency Version: python downgrade to 3.7, sklearn downgrade to 0.21.3",Unknown
375,1158.0,https://github.com/tensorflow/tensorflow/issues/22886,Software Error and Anomaly,environment setup,TensorFlow,Incompatible Software Version,environment setup,"TensorFlow, Keras, CUDA, cuDNN","Change Dependency Version: tensorflow downgrade to 1.4.0, keras downgrade to 2.0.8, cuda downgrade to 8.0, cudnn downgrade to 6.0",Unknown
376,1159.0,https://github.com/apache/incubator-mxnet/issues/8777,Software Error and Anomaly,environment setup,mxnet,Incompatible Software Version,environment setup,CUDA,"Change Dependency Version: cuda downgrade to 8.
Add Dependency: add cuda",Unknown
377,1160.0,https://github.com/tensorflow/tensorflow/issues/6254,Software Error and Anomaly,environment setup,OS/Container,Mismatched Software,environment setup,Runtime,Add Dependency: add python,Unknown
378,1162.0,https://github.com/microsoft/CNTK/issues/3051,Software Error and Anomaly,environment setup,Microsoft Cognitive Toolkit,Mismatched Software,environment setup,Microsoft Cognitive Toolkit,Switch Software,Unknown
379,1164.0,https://github.com/davisking/dlib/issues/1387,Syntactic Error,environment setup,dlib,Buggy Software Version,environment setup,Runtime,Change Dependency Version: gcc upgrade to 6.4.0,Unknown
380,1165.0,https://github.com/tensorflow/tensorflow/issues/49473,Software Error and Anomaly,environment setup,NumPy,Incompatible Software Version,environment setup,NumPy,Change Dependency Version: numpy upgrade to 1.21.0,Unknown
381,1167.0,https://github.com/tensorflow/tensorflow/issues/45903,Syntactic Error,develop,TensorFlow,Buggy Software Version,environment setup,TensorFlow,Change Dependency Version: tf downgrade to 2.3.1,Unknown
382,1168.0,https://github.com/tensorflow/tensorflow/issues/16177,Software Error and Anomaly,environment setup,TensorFlow,Incompatible Software Version,environment setup,Runtime,Change Dependency Version: python downgrade to 3.5,Unknown
383,1170.0,https://github.com/Theano/Theano/issues/5856,Syntactic Error,environment setup,CUDA,Buggy Software Version,environment setup,cuDNN,"Re-build Dependency
Change Dependency Configuration",Unknown
384,1172.0,https://github.com/tensorflow/tensorflow/issues/22652,Software Error and Anomaly,environment setup,TensorFlow,Incompatible Software Version,environment setup,cuDNN,Change Dependency Version: cudnn downgrade to 7.2,Unknown
385,1173.0,https://github.com/tensorflow/tensorflow/issues/12437,Syntactic Error,environment setup,TensorFlow,Incompatible Software Version,environment setup,cuDNN,Change Dependency Version: cudnn upgrade to 6.0,Unknown
386,1174.0,https://github.com/microsoft/CNTK/issues/2987,Syntactic Error,environment setup,Microsoft Cognitive Toolkit,Incompatible Software Version,environment setup,OpenBLAS,Change Dependency Version: open blas upgrade to 0.2.20,Unknown
387,1175.0,https://github.com/tensorflow/tensorflow/issues/27778,Software Error and Anomaly,environment setup,TensorFlow,Incompatible Software Version,environment setup,Runtime,Change Dependency Version: bazel downgrade to 0.11.0 0.10.0,"Dependency Documentation, Unknown"
388,1176.0,https://github.com/pytorch/pytorch/issues/16898,Software Error and Anomaly,environment setup,PyTorch,Mismatched Software,environment setup,Runtime,Add Dependency: add python,"Dependency Documentation, Unknown"
389,1177.0,https://github.com/keras-team/keras/issues/14181,Behavior Anomaly,deployment,TensorFlow,Incompatible Software Version,environment setup,TensorFlow,Change Dependency Version: tf downgrade to 2.2.0,Unknown
390,1178.0,https://github.com/tensorflow/tensorflow/issues/37282,Termination,deployment,Runtime,Incompatible Software Version,environment setup,TensorFlow,Change Dependency Version: tensorflow downgrade to 1.13.1,Unknown
391,1179.0,https://github.com/tensorflow/tensorflow/issues/31643,Software Error and Anomaly,environment setup,TensorFlow,Incompatible Software Version,environment setup,CUDA,Change Dependency Version: cuda upgrade to 10.0,"Dependency Documentation, Unknown"
392,1180.0,https://github.com/pytorch/pytorch/issues/7579,Software Error and Anomaly,environment setup,PyTorch,Incompatible Software Version,environment setup,intel-openmp,Add Dependency: add intel-openmp,"Dependency Documentation, Unknown"
393,1182.0,https://github.com/keras-team/keras/issues/1809,Syntactic Error,environment setup,Protocol Buffers,Unsuccessful Installation,environment setup,Protocol Buffers,Add Dependency: add protobuf,"Dependency Documentation, Unknown"
394,1183.0,https://github.com/pytorch/pytorch/issues/60434,Processor Anomaly,develop,PyTorch,Incompatible Software Version,environment setup,"CUDA, PyTorch","Change Dependency Version: cuda upgrade to 11.1, pytorch upgrade to 1.9.0",Unknown
395,1186.0,https://github.com/tensorflow/tensorflow/issues/25753,Software Error and Anomaly,environment setup,TensorFlow,Incompatible Software Version,environment setup,CUDA,Change Dependency Version: cuda upgrade to 9 10,"Dependency Documentation, Unknown"
396,1187.0,https://github.com/apple/coremltools/issues/954,Syntactic Error,develop,coremltools,Unsuccessful Installation,environment setup,coremltools,Add Dependency: add coremltools,"Dependency Documentation, Unknown"
397,1189.0,https://github.com/davisking/dlib/issues/419,Hardware Error/Anomaly,environment setup,dlib,Mismatched Hardware,environment setup,Hardware,Re-build Dependency,Unknown
398,1190.0,https://github.com/tensorflow/tensorflow/issues/16526,Syntactic Error,environment setup,CUDA,Incompatible Software Version,environment setup,CUDA,Change Dependency Version: cuda upgrade to 9.1,Unknown
399,1191.0,https://github.com/Theano/Theano/issues/5841,Syntactic Error,environment setup,Theano,Incompatible Software Version,environment setup,Theano,Change Dependency Version: theano upgrade to 0.9,Unknown
400,1192.0,https://github.com/tensorflow/tensorflow/issues/42547,Syntactic Error,environment setup,TensorFlow,Incompatible Software Version,environment setup,Horovod,Change Dependency Version: horovod upgrade to 0.20.0,Unknown
401,1193.0,https://github.com/tensorflow/tensorflow/issues/3796,Syntactic Error,environment setup,TensorFlow,Incompatible Software Version,environment setup,cuDNN,Change Dependency Version: cudnn upgrade to v4 v5,"Dependency Documentation, Unknown"
402,1196.0,https://github.com/pytorch/pytorch/issues/3546,Syntactic Error,environment setup,PyTorch,Incompatible Software Version,environment setup,Runtime,"Change Dependency Version: gcc upgrade to 6.4
Add Dependency: add cuda, add cudnn, add pytorch
Fix Path Variable",Unknown
403,1197.0,https://github.com/tensorflow/tensorflow/issues/38970,Syntactic Error,develop,TensorFlow,Incompatible Software Version,environment setup,TensorFlow,Change Dependency Version: tf upgrade to 2.4.0-dev20200812,Unknown
404,1199.0,https://github.com/tensorflow/tensorflow/issues/10061,Software Error and Anomaly,environment setup,TensorFlow,Incompatible Software Version,environment setup,Runtime,Change Dependency Version: python upgrade to 3.5,"Dependency Documentation, Unknown"
405,1203.0,https://github.com/tensorflow/tensorflow/issues/51081,Syntactic Error,develop,TensorFlow,Unsuccessful Installation,environment setup,cuDNN,"Add Dependency: add cuda, add cudnn",Unknown
406,1202.0,https://github.com/amaiya/ktrain/issues/229,Memory Anomaly,deployment,TensorFlow,Unsuccessful Installation,environment setup,pip,Change Dependency Configuration,Other Online Resource
407,1205.0,https://github.com/microsoft/CNTK/issues/904,Software Error and Anomaly,develop,Microsoft Cognitive Toolkit,Unsuccessful Installation,environment setup,CUDA,Add Dependency: add cuda,Unknown
408,1206.0,https://github.com/pytorch/pytorch/issues/5303,Software Error and Anomaly,develop,PyTorch,Mismatched Hardware,environment setup,Hardware,Re-build Dependency,Unknown
409,1207.0,https://github.com/tensorflow/tensorflow/issues/28675,Syntactic Error,environment setup,Runtime,Unsuccessful Installation,environment setup,TensorFlow,Fix Path Variable,Issue Tracker
410,1208.0,https://github.com/tensorflow/tensorflow/issues/22940,Software Error and Anomaly,develop,TensorFlow,Incompatible Software Version,environment setup,CUDA,Re-build Dependency,Issue Tracker
411,1210.0,https://github.com/pytorch/pytorch/issues/2160,Data Anomaly,develop,PyTorch,Incompatible Software Version,environment setup,PyTorch,Change Dependency Version,Unknown
412,1212.0,https://github.com/pytorch/pytorch/issues/74811,Software Error and Anomaly,environment setup,Runtime,Mismatched Software,environment setup,Runtime,Add Dependency: add python,Unknown
413,1213.0,https://github.com/tensorflow/tensorflow/issues/5777,Software Error and Anomaly,develop,TensorFlow,Buggy Software Version,environment setup,CUDA,Clear Environment,Unknown
414,1214.0,https://github.com/davisking/dlib/issues/1572,Software Error and Anomaly,develop,Application,Incompatible Software Version,environment setup,"CUDA, cuDNN","Add Dependency: add cuda, add cudnn
Clear Environment",Unknown
415,1215.0,https://github.com/tensorflow/tensorflow/issues/26764,Syntactic Error,environment setup,Runtime,Buggy Software Version,environment setup,Runtime,"Change Dependency Version: python upgrade to 3.6
Clear Environment",Unknown
416,1216.0,https://github.com/tensorflow/tensorflow/issues/34759,Warning,environment setup,TensorFlow,Incompatible Software Version,environment setup,CUDA,Add Dependency: add cuda,Unknown
417,1217.0,https://github.com/pytorch/pytorch/issues/77092,Syntactic Error,environment setup,Runtime,Incompatible Software Version,environment setup,Runtime,"Change Dependency Version: unknown version change, xcode upgrade to ?",Unknown
418,1218.0,https://github.com/Theano/Theano/issues/5958,Syntactic Error,develop,Runtime,Unsuccessful Installation,environment setup,libpython,Add Dependency: add libpython,Unknown
419,1220.0,https://github.com/tensorflow/tensorflow/issues/17783,Termination,develop,Application,Incompatible Software Version,environment setup,TensorFlow,Add Dependency: add tensorflow,Unknown
420,1221.0,https://github.com/explosion/spaCy/issues/6887,Syntactic Error,environment setup,spaCy,Unsuccessful Installation,environment setup,Runtime,"Re-build Dependency
Fix Path Variable",Unknown
421,1222.0,https://github.com/ultralytics/yolov5/issues/8183,Syntactic Error,develop,PyTorch,Buggy Software Version,environment setup,PyTorch,Change Dependency Version: unknown version change,Other Online Resource
422,1223.0,https://github.com/ultralytics/yolov5/issues/6467,Syntactic Error,deployment,Application,Unsuccessful Installation,environment setup,TensorRT,Add Dependency: add nvidia-tensorrt,Unknown
423,1224.0,https://github.com/explosion/spaCy/issues/1138,Syntactic Error,environment setup,spaCy,Buggy Software Version,environment setup,spaCy,Change Dependency Version: spacy upgrade to 2.0.0a09,Unknown
424,1225.0,https://github.com/mozilla/DeepSpeech/issues/2274,Software Error and Anomaly,develop,deepspeech,Incompatible Software Version,environment setup,deepspeech,Add Dependency: add deepspeech,Unknown
425,1226.0,https://github.com/explosion/spaCy/issues/4382,Software Error and Anomaly,develop,spaCy,Incompatible Software Version,environment setup,spacy-pytorch-transformers,Remove Dependency: remove spacy-pytorch-transformers version,Unknown
426,1227.0,https://github.com/explosion/spaCy/issues/3152,Hardware Error/Anomaly,environment setup,spaCy,Unsuccessful Installation,environment setup,ujson,Add Dependency: add ujson,Unknown
427,1228.0,https://github.com/AlexeyAB/darknet/issues/910,Software Error and Anomaly,develop,darknet,Incompatible Software Version,environment setup,Other Drivers,Clear Environment,Unknown
428,1229.0,https://github.com/explosion/spaCy/issues/5585,Syntactic Error,environment setup,spaCy,Incompatible Software Version,environment setup,"pip, setuptools",Change Dependency Configuration,Issue Tracker
429,1230.0,https://github.com/explosion/spaCy/issues/2352,Model Error,environment setup,spaCy,Incompatible Software Version,environment setup,spaCy,Re-build Dependency,Unknown
430,1232.0,https://github.com/mozilla/DeepSpeech/issues/1116,Model Error,develop,TensorFlow,Buggy Software Version,environment setup,deepspeech,Change Dependency Version: unknown version change,Unknown
431,1235.0,https://github.com/allenai/allennlp/issues/2882,Software Error and Anomaly,environment setup,allennlp,Buggy Software Version,environment setup,moto,Change Dependency Version,Unknown
432,1236.0,https://github.com/allenai/allennlp/issues/358,Syntactic Error,environment setup,allennlp,Buggy Software Version,environment setup,PyTorch,Change Dependency Version: pytorch upgrade to 0.2,"Dependency Documentation, Unknown"
433,1237.0,https://github.com/explosion/spaCy/issues/5120,Software Error and Anomaly,environment setup,Runtime,Unsuccessful Installation,environment setup,spacy-pytorch-transformers,Change Dependency Configuration,Unknown
434,1238.0,https://github.com/allenai/allennlp/issues/1938,Software Error and Anomaly,environment setup,Runtime,Incompatible Software Version,environment setup,Runtime,"Change Dependency Version
Clear Environment",Issue Tracker
435,1239.0,https://github.com/mozilla/DeepSpeech/issues/1157,Termination,environment setup,deepspeech,Mismatched Hardware,environment setup,Hardware,Re-build Dependency,Unknown
436,1240.0,https://github.com/AlexeyAB/darknet/issues/7356,Software Error and Anomaly,environment setup,Runtime,Unsuccessful Installation,environment setup,Runtime,Add Dependency: add ninja,Unknown
437,1241.0,https://github.com/explosion/spaCy/issues/232,Syntactic Error,environment setup,Runtime,Incompatible Software Version,environment setup,pip,"Change Dependency Version: spacy upgrade to 0.100.2
Add Dependency: add spacy",Unknown
438,1242.0,https://github.com/explosion/spaCy/issues/2132,Behavior Anomaly,develop,spaCy,Incompatible Software Version,environment setup,NumPy,"Change Dependency Version: numpy upgrade to 1.14, mkl upgrade to 2018.0.1",Unknown
439,1243.0,https://github.com/Lightning-AI/lightning/issues/7978,Hardware Error/Anomaly,develop,lightning,Incompatible Software Version,environment setup,PyTorch,Change Dependency Version: unknown version change,Unknown
440,1244.0,https://github.com/mozilla/DeepSpeech/issues/2716,Software Error and Anomaly,environment setup,pip,Incompatible Software Version,environment setup,ctcdecoder,Re-build Dependency,Unknown
441,1247.0,https://github.com/explosion/spaCy/issues/3430,Syntactic Error,environment setup,Runtime,Mismatched Software,environment setup,CUDA,Switch Software,Issue Tracker
442,1248.0,https://github.com/AlexeyAB/darknet/issues/1484,Behavior Anomaly,develop,darknet,Incompatible Software Version,environment setup,cuDNN,Change Dependency Version,Unknown
443,1249.0,https://github.com/Lightning-AI/lightning/issues/5841,Long Execution Time,develop,lightning,Incompatible Software Version,environment setup,"PyTorch, Runtime",Fix API Usage,Unknown
444,1250.0,https://github.com/AlexeyAB/darknet/issues/5716,Software Error and Anomaly,environment setup,Runtime,Incompatible Software Version,environment setup,CUDA,Change Dependency Version: cuda upgrade to 10.2,Unknown
445,1251.0,https://github.com/ultralytics/yolov5/issues/1272,Model Error,develop,PyTorch,Incompatible Software Version,environment setup,PyTorch,Fix API Usage,Unknown
