{
    "Library": [
        "tensorflow2.0",
        "tensorflow2.x",
        "tensorflow-gpu",
        "chainer",
        "pytorch",
        "theano",
        "torch",
        "tensorflow",
        "caffe",
        "caffe2",
        "deeplearning4j",
        "dl4j",
        "cntk",
        "mxnet",
        "ktrain",
        "keras",
        "fast-ai",
        "neupy",
        "tf.keras",
        "matcaffe",
        "libtorch",
        "pycaffe",
        "skorch",
        "pylearn",
        "tensorflow.js",
        "tensorflowjs",
        "flux-machine-learning",
        "flux.jl",
        "brain.js",
        "tensorflow-federated",
        "matconvnet",
        "tf-slim",
        "tensorflow-slim",
        "sklearn-pandas",
        "nolearn",
        "skflow",
        "scikit-learn",
        "tflearn",
        "tensorflow-estimator",
        "coremltools",
        "rdkit",
        "dynet",
        "fann",
        "neurolab",
        "pybrain",
        "aforge",
        "accord.net",
        "dlib",
        "shogun",
        "mlpack",
        "h2o",
        "intel-dnn",
        "createml",
        "hyperas",
        "nsl",
        "cupy",
        "pycuda"
    ],
    "Driver": [
        "cuda",
        "amd-rocm",
        "cudnn"
    ],
    "Hardware":[
        "arduino",
        "raspberry-pi",
        "raspberry-pi2",
        "ram",
        "tpu",
        "amd-processor",
        "raspberry-pi3",
        "accelerometer",
        "cpu",
        "fpga",
        "gpu",
        "nintendo-ds",
        "iphone-x",
        "gps"
    ],
    "OS/Container": [
        "ios",
        "ubuntu-14.04",
        "macos-sierra",
        "nvidia-jetson",
        "ubuntu",
        "ubuntu-17.04",
        "ubuntu-12.04",
        "archlinux",
        "macos-big-sur",
        "ros",
        "ubuntu-20.04",
        "ubuntu-18.04",
        "nvidia-jetson-nano",
        "windows",
        "macos",
        "windows-phone-8",
        "ubuntu-16.04",
        "linux",
        "windows-10",
        "windows-7-x64",
        "docker",
        "amazon-sagemaker",
        "arm"
    ],
    "Runtime": [
        "c#",
        "sas",
        "python-3.x",
        "pascal",
        "vb.net",
        "ecmascript-6",
        "ajax",
        "julia",
        "python-2.7",
        "erlang",
        "c++11",
        "ruby",
        "java-8",
        "nosql",
        "swift",
        "f#",
        ".net",
        "python",
        "ada",
        "r",
        "pmml",
        "processing",
        "sql",
        "nd4j",
        "tsql",
        "rust",
        "lisp",
        "scalar",
        "c",
        "swift4",
        "javascript",
        "cython",
        "octave",
        "luajit",
        "torchscript",
        "perl",
        "python-3.5",
        "dart",
        "php",
        "objective-c",
        "c++",
        "lua",
        "delphi",
        "python-3.7",
        "scala",
        "python-3.6",
        "typescript",
        "haskell",
        "java",
        "vba",
        "aiml",
        "common-lisp",
        "matlab",
        "verilog",
        "neuroml",
        "ansi-c",
        "cg",
        "oz",
        "racket"
    ]
}