tensorflow_gpu, 2.9.0, python, 3.7, 3.10
tensorflow_gpu, 2.8.0, python, 3.7, 3.10
tensorflow_gpu, 2.7.0, python, 3.7, 3.9
tensorflow_gpu, 2.6.0,  python, 3.6, 3.9
tensorflow_gpu, 2.5.0,  python, 3.6, 3.9
tensorflow_gpu, 2.4.0,  python, 3.6, 3.8
tensorflow_gpu, 2.3.0,  python, 3.5, 3.8
tensorflow_gpu, 2.2.0,  python, 3.5, 3.8
tensorflow_gpu, 2.1.0,  python, 3.5, 3.7
tensorflow_gpu, 2.0.0,  python, 3.5, 3.7
tensorflow_gpu, 1.15.0,  python, 3.5, 3.7
tensorflow_gpu, 1.14.0,  python, 3.5, 3.7
tensorflow_gpu, 1.13.0,  python, 3.5, 3.7
tensorflow_gpu, 1.12.0,  python, 3.5, 3.6
tensorflow_gpu, 1.11.0,  python, 3.5, 3.6
tensorflow_gpu, 1.10.0,  python, 3.5, 3.6
tensorflow_gpu, 1.9.0,  python, 3.5, 3.6
tensorflow_gpu, 1.8.0,  python, 3.5, 3.6
tensorflow_gpu, 1.7.0,  python, 3.5, 3.6
tensorflow_gpu, 1.6.0,  python, 3.5, 3.6
tensorflow_gpu, 1.5.0,  python, 3.5, 3.6
tensorflow_gpu, 1.4.0,  python, 3.5, 3.6
tensorflow_gpu, 1.3.0,  python, 3.5, 3.6
tensorflow_gpu, 1.2.0,  python, 3.5, 3.6
tensorflow_gpu, 1.1.0,  python, 3.5
tensorflow_gpu, 1.0.0,  python, 3.5

tensorflow_gpu, 2.9.0	, MSVC, 2019, 2019
tensorflow_gpu, 2.8.0	, MSVC, 2019, 2019
tensorflow_gpu, 2.7.0	, MSVC, 2019, 2019
tensorflow_gpu, 2.6.0	, MSVC, 2019, 2019
tensorflow_gpu, 2.5.0	, MSVC, 2019, 2019
tensorflow_gpu, 2.4.0	, MSVC, 2019, 2019
tensorflow_gpu, 2.3.0	, MSVC, 2019, 2019
tensorflow_gpu, 2.2.0	, MSVC, 2019, 2019
tensorflow_gpu, 2.1.0	, MSVC, 2019, 2019
tensorflow_gpu, 2.0.0	, MSVC, 2017, 2017
tensorflow_gpu, 1.15.0	, MSVC, 2017, 2017
tensorflow_gpu, 1.14.0	, MSVC, 2017, 2017
tensorflow_gpu, 1.13.0	, MSVC, 2015 update 3, 2015 update 3
tensorflow_gpu, 1.12.0	, MSVC, 2015 update 3, 2015 update 3
tensorflow_gpu, 1.11.0	, MSVC, 2015 update 3, 2015 update 3
tensorflow_gpu, 1.10.0	, MSVC, 2015 update 3, 2015 update 3
tensorflow_gpu, 1.9.0	, MSVC, 2015 update 3, 2015 update 3
tensorflow_gpu, 1.8.0	, MSVC, 2015 update 3, 2015 update 3
tensorflow_gpu, 1.7.0	, MSVC, 2015 update 3, 2015 update 3
tensorflow_gpu, 1.6.0	, MSVC, 2015 update 3, 2015 update 3
tensorflow_gpu, 1.5.0	, MSVC, 2015 update 3, 2015 update 3
tensorflow_gpu, 1.4.0	, MSVC, 2015 update 3, 2015 update 3
tensorflow_gpu, 1.3.0	, MSVC, 2015 update 3, 2015 update 3
tensorflow_gpu, 1.2.0	, MSVC, 2015 update 3, 2015 update 3
tensorflow_gpu, 1.1.0	, MSVC, 2015 update 3, 2015 update 3
tensorflow_gpu, 1.0.0	, MSVC, 2015 update 3, 2015 update 3
	
tensorflow_gpu, 2.9.0, Bazel,  5.0.0,  5.0.0
tensorflow_gpu, 2.8.0, Bazel,  4.2.1,  4.2.1
tensorflow_gpu, 2.7.0, Bazel,  3.7.2,  3.7.2
tensorflow_gpu, 2.6.0, Bazel,  3.7.2,  3.7.2
tensorflow_gpu, 2.5.0, Bazel,  3.7.2,  3.7.2
tensorflow_gpu, 2.4.0, Bazel,  3.1.0,  3.1.0
tensorflow_gpu, 2.3.0, Bazel,  3.1.0,  3.1.0
tensorflow_gpu, 2.2.0, Bazel,  2.0.0,  2.0.0
tensorflow_gpu, 2.1.0, Bazel,  0.27.1, 0.29.1
tensorflow_gpu, 2.0.0, Bazel,  0.26.1
tensorflow_gpu, 1.15.0, Bazel,  0.26.1
tensorflow_gpu, 1.14.0, Bazel,  0.24.1, 0.25.2
tensorflow_gpu, 1.13.0, Bazel, 0.19.0, 0.21.0
tensorflow_gpu, 1.12.0, Bazel, 0.15.0, 0.15.0
tensorflow_gpu, 1.11.0, Bazel, 0.15.0, 0.15.0
tensorflow_gpu, 1.10.0	, Cmake,  v3.6.3, v3.6.3
tensorflow_gpu, 1.9.0	, Cmake,  v3.6.3, v3.6.3
tensorflow_gpu, 1.8.0	, Cmake,  v3.6.3, v3.6.3
tensorflow_gpu, 1.7.0	, Cmake,  v3.6.3, v3.6.3
tensorflow_gpu, 1.6.0	, Cmake,  v3.6.3, v3.6.3
tensorflow_gpu, 1.5.0	, Cmake,  v3.6.3, v3.6.3
tensorflow_gpu, 1.4.0	, Cmake,  v3.6.3, v3.6.3
tensorflow_gpu, 1.3.0	, Cmake,  v3.6.3, v3.6.3
tensorflow_gpu, 1.2.0	, Cmake,  v3.6.3, v3.6.3
tensorflow_gpu, 1.1.0	, Cmake,  v3.6.3, v3.6.3
tensorflow_gpu, 1.0.0	, Cmake,  v3.6.3, v3.6.3

tensorflow_gpu, 2.9.0, cudnn, 8.1, 8.1
tensorflow_gpu, 2.8.0, cudnn, 8.1, 8.1
tensorflow_gpu, 2.7.0, cudnn, 8.1, 8.1
tensorflow_gpu, 2.6.0, cudnn, 8.1, 8.1
tensorflow_gpu, 2.5.0, cudnn, 8.1, 8.1
tensorflow_gpu, 2.4.0, cudnn, 8, 8
tensorflow_gpu, 2.3.0, cudnn, 7.6, 7.6
tensorflow_gpu, 2.2.0, cudnn, 7.6, 7.6
tensorflow_gpu, 2.1.0, cudnn, 7.6, 7.6
tensorflow_gpu, 2.0.0, cudnn, 7.4, 7.4
tensorflow_gpu, 1.15.0, cudnn, 7.4, 7.4
tensorflow_gpu, 1.14.0, cudnn, 7.4, 7.4
tensorflow_gpu, 1.13.0, cudnn, 7.4, 7.4
tensorflow_gpu, 1.12.0, cudnn, 7.2, 7.2
tensorflow_gpu, 1.11.0, cudnn, 7, 7
tensorflow_gpu, 1.10.0, cudnn, 7, 7
tensorflow_gpu, 1.9.0, cudnn, 7, 7
tensorflow_gpu, 1.8.0, cudnn, 7, 7
tensorflow_gpu, 1.7.0, cudnn, 7, 7
tensorflow_gpu, 1.6.0, cudnn, 7, 7
tensorflow_gpu, 1.5.0, cudnn, 7, 7
tensorflow_gpu, 1.4.0, cudnn, 6, 6
tensorflow_gpu, 1.3.0, cudnn, 6, 6
tensorflow_gpu, 1.2.0, cudnn, 5.1, 5.1
tensorflow_gpu, 1.1.0, cudnn, 5.1, 5.1
tensorflow_gpu, 1.0.0, cudnn, 5.1, 5.1
	
tensorflow_gpu, 2.9.0, cuda, 11.2, 11.2
tensorflow_gpu, 2.8.0, cuda, 11.2, 11.2
tensorflow_gpu, 2.7.0, cuda, 11.2, 11.2
tensorflow_gpu, 2.6.0, cuda, 11.2, 11.2
tensorflow_gpu, 2.5.0, cuda, 11.2, 11.2
tensorflow_gpu, 2.4.0, cuda, 11, 11
tensorflow_gpu, 2.3.0, cuda, 10.1, 10.1
tensorflow_gpu, 2.2.0, cuda, 10.1, 10.1
tensorflow_gpu, 2.1.0, cuda, 10.1, 10.1
tensorflow_gpu, 2.0.0, cuda, 10, 10
tensorflow_gpu, 1.15.0, cuda, 10, 10
tensorflow_gpu, 1.14.0, cuda, 10, 10
tensorflow_gpu, 1.13.0, cuda, 10, 10
tensorflow_gpu, 1.12.0, cuda, 9, 9
tensorflow_gpu, 1.11.0, cuda, 9, 9
tensorflow_gpu, 1.10.0, cuda, 9, 9
tensorflow_gpu, 1.9.0, cuda, 9, 9
tensorflow_gpu, 1.8.0, cuda, 9, 9
tensorflow_gpu, 1.7.0, cuda, 9, 9
tensorflow_gpu, 1.6.0, cuda, 9, 9
tensorflow_gpu, 1.5.0, cuda, 9, 9
tensorflow_gpu, 1.4.0, cuda, 8, 8
tensorflow_gpu, 1.3.0, cuda, 8, 8
tensorflow_gpu, 1.2.0, cuda, 8, 8
tensorflow_gpu, 1.1.0, cuda, 8, 8
tensorflow_gpu, 1.0.0, cuda, 8, 8
