.net, LA
2048,OT
2d-3d-conversion,OT
3d,OT
accelerometer, HD
accord.net, ML
ack,OT
action,OT
activation,OT
activation-function,OT
ada, LA
adaboost,OT
adam,ML
adaption,OT
adaptive-threshold,OT
adjacency-matrix,OT
adversarial-machines,OT
aes,OT
aforge, ML
aggregate-functions,OT
aiml, LA
ajax, LA
algebra,OT
alglib,OT
algorithm,OT
algorithmic-trading,OT
alignment,OT
allennlp,OT
amazon-ami,OT
amazon-ec2,HD
amazon-iam,OT
amazon-rekognition,OT
amazon-s3,OT
amazon-sagemaker, OS
amazon-web-services,OT
amd-processor, HD
amd-rocm, DR
anaconda,OT
analysis,OT
android,OT
android-ndk,OT
android-studio,OT
animation,OT
annotations,OT
anomaly-detection,OT
anpr,OT
ansi-c, LA
apache,OT
apache-spark,OT
apache-spark-ml,OT
apache-spark-mllib,OT
apache-tika,OT
api,OT
applet,OT
apply,OT
approximation,OT
arcface,OT
architecture,OT
archlinux, OS
arduino, HD
argmax,OT
argparse,OT
arguments,OT
arm, OS
array-broadcasting,OT
arrays,OT
artificial-intelligence,OT
artificial-life,OT
ascii,OT
asp.net-mvc-3,OT
astropy,OT
asynchronous,OT
ati,OT
attention-model,OT
attributeerror,OT
attributes,OT
auc,OT
audacity,OT
audio,OT
audio-analysis,OT
audio-processing,OT
augmentedimage,OT
auto-keras,OT
autocomplete,OT
autodiff,OT
autoencoder,OT
autograd,OT
automatic-differentiation,OT
automation,OT
automl,OT
autoregressive-models,OT
aws-batch,OT
aws-lambda,OT
aws-sdk,OT
azure,OT
azure-cognitive-services,OT
azure-language-understanding,OT
azure-machine-learning-service,OT
azure-machine-learning-studio,OT
backend,OT
background-substraction,OT
backpropagation,OT
baidu,OT
barcode,OT
barcode-scanner,OT
bash,OT
batch-file,OT
batch-normalization,OT
batch-processing,OT
batchnorm,OT
batchsize,OT
bayesian,OT
bayesian-networks,OT
bazel,OT
bert-language-model,OT
bias-neuron,OT
bidirectional,OT
big-o,OT
bigdata,OT
bin-packing,OT
binary,OT
binary-tree,OT
bioinformatics,OT
biological-neural-network,OT
biometrics,OT
bit-manipulation,OT
bitmap,OT
bitmask,OT
bitvector,OT
blas,OT
blender,OT
blurry,OT
boolean,OT
boolean-logic,OT
boost,OT
botframework,OT
boto3,OT
bots,OT
bounding-box,OT
brain.js, ML
brian,OT
broadcast,OT
bsxfun,OT
bufferedimage,OT
build,OT
built-in,OT
c#, LA
c++, LA
c++11, LA
c, LA
c-api,OT
caffe, ML
caffe2, ML
calculus,OT
calibration,OT
callback,OT
canvas,OT
captions,OT
cart,OT
casting,OT
categorical-data,OT
categorization,OT
causality,OT
cbir,OT
cblas,OT
ceil,OT
celery,OT
cell,OT
cell-array,OT
cg, LA
chainer, ML
chainercv,OT
channels,OT
chaos,OT
chatbot,OT
checkpoint,OT
checkpointing,OT
chemistry,OT
chess,OT
cjk,OT
class,OT
classification,OT
classloader,OT
cleverhans,OT
clipping,OT
clone,OT
cloud,OT
clr,OT
cluster-analysis,OT
cluster-computing,OT
cmake,OT
cmd,OT
cntk, ML
code-visualization,OT
coding-efficiency,OT
coding-style,OT
coefficients,OT
collaborative-filtering,OT
collections,OT
colormap,OT
colors,OT
command,OT
command-line,OT
common-lisp, LA
comparison,OT
compilation,OT
compiler-construction,OT
compiler-errors,OT
complexity-theory,OT
compression,OT
computation,OT
computation-graph,OT
computer-science,OT
computer-vision,OT
concat,OT
concatenation,OT
concurrent-programming,OT
concurrent.futures,OT
conda,OT
conditional-statements,OT
config,OT
configuration,OT
confusion-matrix,OT
connected-components,OT
connection,OT
constraints,OT
contingency,OT
control-theory,OT
conv-neural-network,OT
convergence,OT
converter,OT
convex,OT
convex-optimization,OT
convnetsharp,OT
convolution,OT
convolutional-neural-network,OT
coordinate-systems,OT
coordinates,OT
copy,OT
cordova,OT
coreml,OT
coremltools, ML
correlation,OT
cosine-similarity,OT
cost-based-optimizer,OT
counter,OT
counting,OT
covariance,OT
cpu, HD
cpu-cores,OT
cpu-speed,OT
cran,OT
crash,OT
createml, ML
crf,OT
crop,OT
cross-entropy,OT
cross-validation,OT
crossover,OT
csv,OT
ctc,OT
ctypes,OT
cuda, DR
cudnn, DR
cupy, ML
curl,OT
curve-fitting,OT
custom-training,OT
customization,OT
cv2,OT
cython, LA
cytoscape.js,OT
d3.js,OT
darknet,OT
dart, LA
data-analysis,OT
data-annotations,OT
data-augmentation,OT
data-cleaning,OT
data-extraction,OT
data-fitting,OT
data-formats,OT
data-generation,OT
data-layers,OT
data-mining,OT
data-modeling,OT
data-preprocessing,OT
data-processing,OT
data-science,OT
data-structures,OT
data-transform,OT
data-visualization,OT
database,OT
database-optimization,OT
databricks,OT
dataflow,OT
dataframe,OT
dataloader,OT
dataset,OT
dbn,OT
dcgan,OT
debugging,OT
decision-tree,OT
decode,OT
decoder,OT
deconvolution,OT
deep-dream,OT
deep-learning,OT
deep-residual-networks,OT
deeplab,OT
deeplearn.js,OT
deeplearning4j, ML
deeppavlov,OT
definition,OT
delphi, LA
denormalization,OT
densenet,OT
deployment,OT
depth-buffer,OT
derivative,OT
descriptor,OT
detach,OT
detection,OT
detectron,OT
deterministic,OT
diagram,OT
dialogflow-es,OT
dictionary,OT
difference,OT
differential-equations,OT
digit,OT
digitization,OT
dimension,OT
dimension-reduction,OT
dimensionality-reduction,ML
dimensions,OT
directory-structure,OT
discord,OT
distributed,OT
distributed-computing,OT
distribution,OT
django,OT
dl4j, ML
dlib, ML
dna-sequence,OT
dns,OT
doc2vec,ML
docker, OS
dockerfile,OT
document-classification,OT
doparallel,OT
dot-product,OT
dotnetnuke,OT
double-precision,OT
dplyr,OT
dqn,OT
draw,OT
drawing,OT
drive,OT
dropout,OT
dummy-variable,OT
duplicates,OT
dynamic,OT
dynamic-function,OT
dynet, ML
eager-execution,OT
early-stopping,OT
east-text-detector,OT
eclipse,OT
ecmascript-6, LA
eeglab,OT
efficientnet,OT
eigen,OT
eigenvector,OT
elementtree,OT
elementwise-operations,OT
elmo,OT
email-spam,OT
embedding,OT
embedding-lookup,OT
emgucv,OT
emotion,OT
encode,OT
encoder,OT
encoder-decoder,OT
encoding,OT
encog,OT
encryption,OT
energy,OT
ensemble-learning,OT
ensembles,OT
enthought,OT
entity-framework,OT
entropy,OT
enums,OT
epoch,OT
equation,OT
erlang, LA
error-handling,OT
es-hyperneat,OT
estimation,OT
evaluate,OT
evaluation,OT
event-handling,OT
events,OT
evolutionary-algorithm,OT
excel,OT
except,OT
exception,OT
exe,OT
execution,OT
expert-system,OT
exponent,OT
exponential,OT
export,OT
expression,OT
extraction,OT
eye-detection,OT
f#, LA
face-detection,OT
face-recognition,OT
facial-identification,OT
fairseq,ML
false-positive,OT
fann, ML
fannj,OT
fast-ai, ML
faster-rcnn,OT
fasttext,OT
feasibility,OT
feature-detection,OT
feature-engineering,OT
feature-extraction,OT
feature-scaling,OT
feature-selection,OT
feed,OT
feed-forward,OT
ffmpeg,OT
fft,OT
figure,OT
file,OT
file-conversion,OT
file-import,OT
file-io,OT
file-not-found,OT
filter,OT
financial,OT
fingerprint,OT
finite-automata,OT
firebase-mlkit,OT
fitness,OT
fixed-point,OT
flappy-bird-clone,OT
flask,OT
flatbuffers,OT
flatten,OT
floating-accuracy,OT
floating-point,OT
flops,OT
flux-machine-learning, ML
flux.jl, ML
for-loop,OT
forecast,OT
forecasting,OT
forex,OT
format,OT
formatting,OT
formula,OT
forward,OT
fourier-descriptors,OT
fpga, HD
frameworks,OT
frequency-analysis,OT
frp,OT
function,OT
function-approximation,OT
function-composition,OT
function-fitting,OT
functional-api,OT
functional-programming,OT
fuzzy,OT
fuzzy-c-means,OT
fuzzy-logic,OT
g++,OT
game-ai,OT
game-development,OT
game-physics,OT
gamma-distribution,OT
garbage-collection,OT
gated-recurrent-unit,OT
gaussian,OT
gbm,OT
gcloud,OT
gekko,OT
generalization,OT
generative,OT
generative-adversarial-network,OT
generator,OT
generic-derivation,OT
genetic,OT
genetic-algorithm,OT
genetic-programming,OT
genome,OT
gensim,OT
geometry,OT
gesture,OT
gesture-recognition,OT
ggplot2,OT
github,OT
glm,OT
glog,OT
glove,ML
gluon,OT
gmm,OT
gnuplot,OT
google-chrome,OT
google-cloud-ml,OT
google-cloud-ml-engine,OT
google-cloud-platform,OS
google-cloud-storage,OS
google-cloud-tpu,HD
google-colaboratory,OT
google-compute-engine,OT
google-coral,OT
google-dl-platform,OT
google-drive-api,OT
google-image-search,OT
google-kubernetes-engine,OT
google-natural-language,OT
google-translate,OT
gpgpu,OT
gps, HD
gpt-2,ML
gpu, HD
gradient,OT
gradient-descent,OT
gradient-exploding,OT
gradienttape,OT
gradle,OT
graph,OT
graph-algorithm,OT
graph-databases,OT
graph-theory,OT
graphics,OT
graphviz,OT
grayscale,OT
greedy,OT
grid-search,OT
gridfs,OT
gridgain,OT
gridsearchcv,OT
grover,OT
grpc,OT
gunicorn,OT
gzip,OT
h.264,OT
h2o, ML
h5py,OT
hadoop,OT
hadoop-streaming,OT
half-precision-float,OT
hamming-distance,OT
handwriting,OT
handwriting-recognition,OT
hardware,HD
hash,OT
hashmap,OT
haskell, LA
hci,OT
hdf,OT
hdf5,OT
hdfs,OT
headless,OT
heatmap,OT
helper,OT
heroku,OT
hessian-matrix,OT
hidden-markov-models,OT
hierarchical,OT
high-resolution,OT
higher,OT
histogram,OT
history,OT
homebrew,OT
hook,OT
hourglass,OT
hpc,OT
html,OT
html5-video,OT
huggingface-datasets,OT
huggingface-tokenizers,OT
huggingface-transformers,OT
hybrid,OT
hyperas, ML
hyperbolic-function,OT
hyperopt,OT
hyperparameters,OT
ibm-mq,OT
ibm-watson,OT
identity,OT
idioms,OT
if-statement,OT
ignite,OT
igraph,OT
ikvm,OT
image,OT
image-augmentation,OT
image-classification,OT
image-enhancement,OT
image-generation,OT
image-morphology,OT
image-preprocessing,OT
image-processing,OT
image-recognition,OT
image-resizing,OT
image-scaling,OT
image-segmentation,OT
image-thresholding,OT
imageai,OT
imagedata,OT
imagefilter,OT
imagemagick-convert,OT
imagenet,OT
imbalanced-data,OT
implementation,OT
import,OT
importerror,OT
imread,OT
index-error,OT
indexing,OT
inference,OT
infinite-loop,OT
information-retrieval,OT
information-theory,OT
initialization,OT
initializer,OT
inner-product,OT
input,OT
installation,OT
instance,OT
int,OT
integration,OT
intel,OT
intel-dnn, ML
intel-mkl,OT
intel-oneapi,OT
interface,OT
interpolation,OT
interpretation,OT
intrusion-detection,OT
inversion,OT
io,OT
io-redirection,OT
ioerror,OT
ios, OS
iot,OT
iphone,OT
iphone-x, HD
ipython,OT
ipython-notebook,OT
iris-dataset,OT
iris-recognition,OT
iteration,OT
iterator,OT
java, LA
java-8, LA
java-native-interface,OT
javafx,OT
javascript, LA
jax,OT
jgrapht,OT
jit,OT
jitter,OT
joblib,OT
jocl,OT
jpeg,OT
json,OT
juicy-pixels,OT
julia, LA
jupyter,OT
jupyter-notebook,OT
k-fold,OT
k-means,OT
kaggle,OT
kedro,OT
keras, ML
keras-2,OT
keras-layer,OT
keras-rl,OT
keras-tuner,ML
keras-vggface,OT
kernel,OT
keypoint,OT
keyword,OT
keyword-extraction,OT
kinect,OT
kinect-sdk,OT
kinect.toolbox,OT
knime,OT
knn,ML
ktrain, ML
kubeflow,OT
kubeflow-pipelines,OT
kubernetes,OT
kubernetes-ingress,OT
label,OT
label-encoding,OT
labelimg,OT
labeling,OT
lag,OT
lambda,OT
language-agnostic,OT
language-model,OT
large-data,OT
large-scale,OT
lasagne,OT
lasso-regression,OT
latex,OT
layer,OT
ld,OT
learning-rate,OT
least-squares,OT
legend,OT
lemmatization,OT
leveldb,OT
levenberg-marquardt,OT
libgdx,OT
libraries,OT
librosa,OT
libsvm,OT
libtorch, ML
linear-algebra,OT
linear-regression,OT
lines,OT
linguistics,OT
linker,OT
linq,OT
linux, OS
lisp, LA
list,OT
list-comprehension,OT
lmdb,OT
load,OT
loadimage,OT
log-likelihood,OT
logarithm,OT
logging,OT
logic,OT
logical-operators,OT
logistic-regression,OT
logistics,OT
loops,OT
loss,OT
loss-function,OT
low-memory,OT
lsa,OT
lsf,OT
lstm,OT
lstm-stateful,OT
lua, LA
luajit, LA
lucene,OT
lwjgl,OT
machine-learning,OT
machine-learning-model,OT
machine-translation,OT
macos, OS
macos-big-sur, OS
macos-sierra, OS
magic-mirror,OT
mahout,OT
malmo,OT
mantissa,OT
mapping,OT
mapreduce,OT
markov,OT
markov-chains,OT
markov-decision-process,OT
markov-models,OT
mat,OT
matcaffe, ML
matconvnet, ML
math,OT
mathematica-8,OT
mathematical-optimization,OT
matlab, LA
matlab-compiler,OT
matlab-cvst,OT
matlab-deployment,OT
matlab-figure,OT
matlab-guide,OT
matlab-load,OT
matplotlib,OT
matplotlib-basemap,OT
matrix,OT
matrix-factorization,OT
matrix-multiplication,OT
matrix-synapse,OT
maven,OT
max,OT
max-pooling,OT
maximize,OT
mcc,OT
mdp,OT
mean,OT
mean-square-error,OT
medical,OT
medical-imaging,OT
membership,OT
memory,OT
memory-leaks,OT
memory-management,OT
merge,OT
mersenne-twister,OT
messaging,OT
meta-learning,OT
metal,OT
metal-performance-shaders,OT
metaprogramming,OT
methods,OT
metric,OT
metrics,OT
mfcc,OT
micro-optimization,OT
microsoft-cognitive,OT
midi,OT
mingw,OT
mini-batch,OT
miniconda,OT
minima,OT
minimization,OT
minimize,OT
mismatch,OT
missing-data,OT
mixture-model,OT
ml.net,OT
ml5,OT
mlflow,OT
mlmodel,OT
mlp,OT
mlpack, ML
mnist,OT
mobile,OT
mobilenet,OT
model,OT
model-fitting,OT
model-view-controller,OT
modeling,OT
models,OT
modelsummary,OT
module,OT
momentum,OT
mongodb,OT
monte-carlo-tree-search,OT
montecarlo,OT
motion-detection,OT
mozilla-deepspeech,OT
mpi,OT
mri,OT
ms-access,OT
mscoco,OT
mse,OT
multi-agent,OT
multi-gpu,OT
multi-layer,OT
multiclass-classification,OT
multicollinearity,OT
multidimensional-array,OT
multilabel-classification,OT
multilingual,OT
multinomial,OT
multiple-input,OT
multipleoutputs,OT
multiprocessing,OT
multitasking,OT
multithreading,OT
multivalue,OT
music21,OT
mutation,OT
mutex,OT
mxnet, ML
myo,OT
mysql,OT
naivebayes,OT
named-entity-recognition,OT
nameerror,OT
naming-conventions,OT
nan,OT
natural-language-processing,OT
ncsdk,OT
nd4j, LA
neat,OT
neo4j,OT
neptune,OT
nervana-neon,OT
nested,OT
nested-loops,OT
netbeans,OT
netflix,OT
netflix-metaflow,OT
network-programming,OT
networking,OT
networkx,OT
neupy, ML
neural-network,ML
neuro-image,OT
neurolab, ML
neuroml, LA
neuron-simulator,OT
neuroscience,OT
next,OT
nginx,OT
niftynet,OT
nintendo-ds, HD
nlg,OT
nlp,OT
nltk,ML
nnapi,OT
nnet,OT
nntool,OT
no-data,OT
node.js,OT
nodes,OT
noise,OT
noise-generator,OT
noise-reduction,OT
nolearn, ML
non-linear-regression,OT
nonetype,OT
nonlinear-functions,OT
nonsequential,OT
norm,OT
normal-distribution,OT
normalization,OT
normalize,OT
nosql, LA
notation,OT
nsl, ML
nsnumber,OT
null,OT
numeric,OT
numerical-methods,OT
numpy,OT
numpy-einsum,OT
numpy-memmap,OT
numpy-ndarray,OT
numpy-random,OT
numpy-slicing,OT
nvcc,OT
nvidia,OT
nvidia-digits,OT
nvidia-docker,OT
nvidia-jetson, OS
nvidia-jetson-nano, OS
nvlink,OT
object,OT
object-detection,OT
object-detection-api,OT
object-recognition,OT
objective-c, LA
objective-c-blocks,OT
objective-c-runtime,OT
objective-function,OT
ocr,OT
octave, LA
ode,OT
oeis,OT
one-hot-encoding,OT
online-machine-learning,OT
onnx,OT
oop,OT
open-source,OT
openai,OT
openai-gym,OT
openblas,OT
opencl,OT
opencv,OT
opencv-contrib,ML
opencv-python,OT
opencv3.0,OT
opencv3.1,OT
opencv3.3,OT
opencv4,OT
opencvsharp,OT
openframeworks,OT
opennlp,OT
opennmt,OT
opennn,OT
openpose,OT
openvino,OT
operating-system,OT
operator-keyword,OT
operator-overloading,OT
operators,OT
optical-mark-recognition,OT
opticalflow,OT
optimization,OT
optimizer-deeplearning,OT
optuna,OT
orange,OT
os.path,OT
oserror,OT
out-of-memory,OT
outliers,OT
output,OT
overfitting-underfitting,OT
overloading,OT
oversampling,OT
overwrite,OT
oz, LA
p-value,OT
p5.js,OT
pack,OT
package,OT
packages,OT
padding,OT
paddle-paddle,OT
pandas,OT
panel-data,OT
parallel-processing,OT
parallelism-amdahl,OT
parameter-passing,OT
parameters,OT
parfor,OT
parsing,OT
part-of-speech,OT
particle-swarm,OT
partitioning,OT
pascal, LA
path,OT
pattern-matching,OT
pattern-recognition,OT
pbs,OT
pca,OT
pde,OT
pdf,OT
pdftotext,OT
perceptron,OT
performance,OT
performance-testing,OT
perl, LA
permission-denied,OT
phoneme,OT
php, LA
phrases,OT
physics,OT
pickle,OT
picturebox,OT
pip,OT
pipeline,OT
pitch,OT
pitch-tracking,OT
pixel,OT
pixels,OT
plaidml,OT
plot,OT
pmml, LA
png,OT
point-clouds,OT
poisson,OT
poker,OT
polymorphism,OT
pooling,OT
porting,OT
pos-tagger,OT
pose-estimation,OT
postgresql,OT
powershell,OT
pre-trained-model,OT
precision,OT
precision-recall,OT
predict,OT
prediction,OT
preprocessor,OT
printing,OT
priority-queue,OT
private,OT
probability,OT
processing, LA
production,OT
production-environment,OT
profiler,OT
project,OT
projection,OT
projects,OT
proof,OT
propagation,OT
protocol-buffers,OT
prototype,OT
prototyping,OT
pruning,OT
pseudocode,OT
purely-functional,OT
push-notification,OT
pushwoosh,OT
pyaudio,OT
pybrain, ML
pycaffe, ML
pycharm,OT
pycuda, ML
pydicom,OT
pygame,OT
pylearn, ML
pymc,OT
pymc3,OT
pyqt5,OT
pyspark,ML
python, LA
python-2.7, LA
python-3.5, LA
python-3.6, LA
python-3.7, LA
python-3.x, LA
python-chess,OT
python-imageio,OT
python-imaging-library,OT
python-import,OT
python-multiprocessing,OT
python-tesseract,OT
pytorch, ML
pytorch-dataloader,OT
pytorch-lightning,ML
pyzmq,OT
q-learning,ML
qt,OT
qt-creator,OT
quadratic,OT
quandl,OT
quantization,OT
quantization-aware-training,OT
question-answering,OT
queue,OT
r, LA
r-caret,OT
r-package,OT
racket, LA
radial,OT
ram, HD
random,OT
random-forest,ML
random-sample,OT
random-seed,OT
rank,OT
ranking,OT
rapidminer,OT
rasa-nlu,OT
raspberry-pi, HD
raspberry-pi2, HD
raspberry-pi3, HD
ray,OT
raytracing,OT
rbm,OT
rdkit, ML
rdp,OT
react-native,OT
reactjs,OT
reader,OT
real-time,OT
real-time-systems,OT
receptive-field,OT
recipe,OT
recommendation-engine,OT
recommender-systems,OT
recurrent-neural-network,OT
recursion,OT
redefine,OT
reduce,OT
reduction,OT
regex,OT
regression,OT
regular-language,OT
regularized,OT
reinforcement-learning,OT
relational-database,OT
relu,ML
reluctant-quantifiers,OT
remote-debugging,OT
remote-server,OT
replace,OT
representation,OT
reproducible-research,OT
rescale,OT
reshape,OT
resize,OT
resnet,OT
resolution,OT
resources,OT
response,OT
rest,OT
restore,OT
resuming-training,OT
reticulate,OT
retinanet,OT
reverse,OT
rgb,OT
rnn,OT
roberta-language-model,OT
robot,OT
robotics,OT
robustness,OT
roc,OT
ros, OS
row,OT
rowwise,OT
rstudio,OT
ruby, LA
ruby-on-rails,OT
runtime,OT
runtime-error,OT
rust, LA
salesforce,OT
salesforce-einstein,OT
sample,OT
sampled-softmax,OT
sarsa,OT
sas, LA
save,OT
scala, LA
scala-breeze,OT
scalability,OT
scalar, LA
scaling,OT
scheduled-tasks,OT
scheduler,OT
scheduling,OT
scikit-image,OT
scikit-learn, ML
scikits,OT
scipy,OT
scipy-optimize,OT
scope,OT
scoring,OT
scripting,OT
sdk,OT
search,OT
search-engine,OT
security,OT
segmentation-fault,OT
self,OT
self-organizing-maps,OT
self-supervised-learning,OT
semantic-segmentation,OT
semantics,OT
sensors,OT
sentence,OT
sentence-similarity,OT
sentiment-analysis,OT
separation-of-concerns,OT
seq,OT
seq2seq,ML
sequence,OT
sequence-analysis,OT
sequence-to-sequence,OT
sequential,OT
serialization,OT
server,OT
session,OT
set,OT
sgd,OT
shadow,OT
shap,OT
shape,OT
shape-recognition,OT
shapes,OT
shared-ptr,OT
shogun, ML
shortest-path,OT
shuffle,OT
siamese-network,OT
sift,OT
sigmoid,OT
signal-processing,OT
sim-card,OT
similarity,OT
simpletransformers,OT
simulated-annealing,OT
simulation,OT
simulator,OT
simulink,OT
singular,OT
six,OT
size,OT
skflow, ML
sklearn-pandas, ML
skorch, ML
slice,OT
sliding-window,OT
slurm,OT
smart-pointers,OT
smoothing,OT
snpe,OT
sobel,OT
sockets,OT
softmax,OT
solver,OT
som,OT
sorting,OT
sound-recognition,OT
soundfile,OT
sox,OT
spacy,ML
spacy-transformers,OT
spam,OT
spam-prevention,OT
sparkling-water,OT
sparse-matrix,OT
spatial-pooling,OT
spectrogram,OT
speech-recognition,OT
speech-to-text,OT
spiral,OT
split,OT
spss,OT
spss-modeler,OT
spyder,OT
sql, LA
sql-server,OT
sqlite,OT
squad,OT
ssh,OT
stack,OT
stack-overflow,OT
stacked,OT
standard-deviation,OT
standardization,OT
standardized,OT
stanford-nlp,OT
stat,OT
state,OT
state-machine,OT
stateful,OT
statistics,OT
stereoscopy,OT
stochastic,OT
stochastic-gradient,OT
stochastic-process,OT
storage,OT
streaming,OT
street-address,OT
stride,OT
string,OT
string-matching,OT
structure,OT
style-transfer,OT
stylegan,OT
subclassing,OT
subsampling,OT
sudoku,OT
sum,OT
summarization,OT
summary,OT
supervised-learning,OT
surf,OT
survival-analysis,OT
svm,ML
swift, LA
swift4, LA
swig,OT
switch-statement,OT
symmetry,OT
synaptic.js,OT
syncfusion,OT
syntaxnet,OT
systemml,OT
tags,OT
target,OT
targets,OT
taylor-series,OT
tcp,OT
temperature,OT
temporal-difference,OT
temporary-objects,OT
tensor,OT
tensorboard,OT
tensorboardx,OT
tensorflow, ML
tensorflow-datasets,OT
tensorflow-estimator, ML
tensorflow-federated, ML
tensorflow-gpu, ML
tensorflow-gradient,OT
tensorflow-hub,OT
tensorflow-layers,OT
tensorflow-lite,OT
tensorflow-model-garden,ML
tensorflow-probability,OT
tensorflow-serving,OT
tensorflow-slim, ML
tensorflow.js, ML
tensorflow1.15,ML
tensorflow2.0, ML
tensorflow2.x, ML
tensorflowjs, ML
tensorflowjs-converter,ML
tensorlayer,OT
tensorrt,OT
term,OT
term-document-matrix,OT
terminology,OT
tesseract,OT
test-data,OT
testcase,OT
testing,OT
tetris,OT
text,OT
text-analysis,OT
text-classification,OT
text-files,OT
text-mining,OT
text-processing,OT
text-recognition,OT
text-to-speech,OT
textblob,OT
textinput,OT
textsum,OT
tf-idf,OT
tf-slim, ML
tf.data.dataset,OT
tf.keras, ML
tflearn, ML
tfrecord,OT
tfx,OT
theano, ML
theano-cuda,OT
theano.scan,OT
theory,OT
threshold,OT
tic-tac-toe,OT
tiff,OT
tikz,OT
time,OT
time-complexity,OT
time-frequency,OT
time-series,OT
timestep,OT
tkinter,OT
tmux,OT
token,OT
tokenize,OT
toolbox,OT
topography,OT
topology,OT
torch, ML
torchnet,OT
torchscript, LA
torchtext,OT
torchvision,OT
tpu, HD
tqdm,OT
trace,OT
train-test-split,OT
training-data,OT
transfer,OT
transfer-function,OT
transfer-learning,OT
transform,ML
transformer,OT
translate,OT
translation,OT
transpose,OT
traveling-salesman,OT
triplet,OT
try-catch,OT
tsql, LA
tuples,OT
turi,OT
turing-complete,OT
turing-machines,OT
tvm,OT
type-conversion,OT
typeconverter,OT
typeerror,OT
types,OT
typescript, LA
typing,OT
ubuntu, OS
ubuntu-12.04, OS
ubuntu-14.04, OS
ubuntu-16.04, OS
ubuntu-17.04, OS
ubuntu-18.04, OS
ubuntu-20.04, OS
udp,OT
uint8array,OT
uncertainty,OT
undefined,OT
undefined-function,OT
unet,OT
uniform-distribution,OT
unit-testing,OT
unity3d,OT
unity3d-unet,OT
unsupervised-learning,OT
unwrap,OT
updatebatchsize,OT
updating,OT
usb,OT
utf,OT
utf-8,OT
validation,OT
validationerror,OT
valueerror,OT
variable-assignment,OT
variable-initialization,OT
variables,OT
variance,OT
vb.net, LA
vba, LA
vector,OT
vectorization,OT
verbose,OT
verilog, LA
version,OT
versioning,OT
vertices,OT
vgg-net,ML
video,OT
video-processing,OT
video-tracking,OT
virtual-machine,OT
vision,OT
visual-c++,OT
visual-recognition,OT
visual-studio,OT
visual-studio-2013,OT
visual-studio-2019,OT
visual-studio-code,OT
visual-studio-mac,OT
visualization,ML
vlfeat,OT
vm-implementation,OT
voc,OT
voice-recognition,OT
vowpalwabbit,OT
vscode-remote,OT
warnings,OT
watermark,OT
watershed,OT
watson-conversation,OT
wav,OT
wave,OT
web-crawler,OT
web-deployment,OT
web-scraping,OT
web.py,OT
weighted-average,OT
weka,OT
while-loop,OT
win-universal-app,OT
windbg,OT
window,OT
windows, OS
windows-10, OS
windows-7-x64, OS
windows-machine-learning,OT
windows-phone-8, OS
winforms,OT
wolfram-mathematica,OT
word-embedding,OT
word-sense-disambiguation,OT
word2vec,OT
workspace,OT
wxpython,OT
xcode,OT
xgboost,OT
xilinx,OT
xls,OT
xml,OT
xor,OT
xorg,OT
yaml,OT
yolo,OT
yolov5,OT
zero-padding,OT
zerobrane,OT
zeromq,OT
